ISO-10303-21;
HEADER;
/* Generated by software containing ST-Developer
 * from STEP Tools, Inc. (www.steptools.com) 
 */
/* OPTION: using custom renumber hook */

FILE_DESCRIPTION(
/* description */ ('STEP AP242 Edition 2',
'CAx-IF Rec.Pracs.---Representation and Presentation of Product Manufa
cturing Information (PMI)---4.0---2014-10-13',
'CAx-IF Rec.Pracs.---3D Tessellated Geometry---0.4---2014-09-14','2;1',
'CAx-IF Rec.Pracs.---User Defined Attributes---1.5---2016-08-15'),
/* implementation_level */ '2;1');

FILE_NAME(
/* name */ '6994781b25f9cfcd8cb49335',
/* time_stamp */ '2026-02-17T14:15:55Z',
/* author */ (''),
/* organization */ (''),
/* preprocessor_version */ 'ST-DEVELOPER v20',
/* originating_system */ 'ONSHAPE BY PTC INC, 1.210',
/* authorisation */ '  ');

FILE_SCHEMA (('AP242_MANAGED_MODEL_BASED_3D_ENGINEERING_MIM_LF { 1 0 10303 442 3 1 4 }'));
ENDSEC;

DATA;
#10=SHAPE_REPRESENTATION_RELATIONSHIP('','',#407,#11);
#11=ADVANCED_BREP_SHAPE_REPRESENTATION('',(#405),#2633);
#12=(
BOUNDED_SURFACE()
B_SPLINE_SURFACE(1,2,((#1118,#1119,#1120,#1121,#1122,#1123,#1124,#1125,
#1126,#1127,#1128,#1129,#1130,#1131,#1132,#1133,#1134,#1135,#1136,#1137,
#1138,#1139,#1140,#1141,#1142,#1143,#1144,#1145,#1146,#1147,#1148,#1149,
#1150,#1151,#1152,#1153,#1154,#1155,#1156,#1157,#1158,#1159,#1160,#1161,
#1162,#1163,#1164,#1165,#1166,#1167,#1168),(#1169,#1170,#1171,#1172,#1173,
#1174,#1175,#1176,#1177,#1178,#1179,#1180,#1181,#1182,#1183,#1184,#1185,
#1186,#1187,#1188,#1189,#1190,#1191,#1192,#1193,#1194,#1195,#1196,#1197,
#1198,#1199,#1200,#1201,#1202,#1203,#1204,#1205,#1206,#1207,#1208,#1209,
#1210,#1211,#1212,#1213,#1214,#1215,#1216,#1217,#1218,#1219)),
 .UNSPECIFIED.,.F.,.F.,.F.)
B_SPLINE_SURFACE_WITH_KNOTS((2,2),(3,2,2,2,2,2,2,2,2,2,2,2,2,2,2,2,2,2,
2,2,2,2,2,2,2,3),(0.,1.),(0.,0.0333333333333333,0.0666666666666667,0.1,
0.133333333333333,0.166666666666667,0.2,0.233333333333334,0.266666666666666,
0.3,0.333333333333334,0.366666666666666,0.4,0.433333333333334,0.466666666666667,
0.5,0.533333333333333,0.566666666666667,0.6,0.633333333333333,0.666666666666667,
0.7,0.733333333333333,0.766666666666667,0.8,0.8048),
 .PIECEWISE_BEZIER_KNOTS.)
GEOMETRIC_REPRESENTATION_ITEM()
RATIONAL_B_SPLINE_SURFACE(((1.,0.866025403784439,1.,0.866025403784439,1.,
0.866025403784439,1.,0.866025403784439,1.,0.866025403784439,1.,0.866025403784439,
1.,0.866025403784439,1.,0.866025403784439,1.,0.866025403784439,1.,0.866025403784439,
1.,0.866025403784439,1.,0.866025403784439,1.,0.866025403784439,1.,0.866025403784439,
1.,0.866025403784439,1.,0.866025403784439,1.,0.866025403784439,1.,0.866025403784439,
1.,0.866025403784439,1.,0.866025403784439,1.,0.866025403784439,1.,0.866025403784439,
1.,0.866025403784439,1.,0.866025403784439,1.,0.980707658144959,0.96697151074417),
(1.,0.866025403784439,1.,0.866025403784439,1.,0.866025403784439,1.,0.866025403784439,
1.,0.866025403784439,1.,0.866025403784439,1.,0.866025403784439,1.,0.866025403784439,
1.,0.866025403784439,1.,0.866025403784439,1.,0.866025403784439,1.,0.866025403784439,
1.,0.866025403784439,1.,0.866025403784439,1.,0.866025403784439,1.,0.866025403784439,
1.,0.866025403784439,1.,0.866025403784439,1.,0.866025403784439,1.,0.866025403784439,
1.,0.866025403784439,1.,0.866025403784439,1.,0.866025403784439,1.,0.866025403784439,
1.,0.980707658144959,0.96697151074417)))
REPRESENTATION_ITEM('')
SURFACE()
);
#13=(
BOUNDED_SURFACE()
B_SPLINE_SURFACE(1,2,((#1281,#1282,#1283,#1284,#1285,#1286,#1287,#1288,
#1289,#1290,#1291,#1292,#1293,#1294,#1295,#1296,#1297,#1298,#1299,#1300,
#1301,#1302,#1303,#1304,#1305,#1306,#1307,#1308,#1309,#1310,#1311,#1312,
#1313,#1314,#1315,#1316,#1317,#1318,#1319,#1320,#1321,#1322,#1323),(#1324,
#1325,#1326,#1327,#1328,#1329,#1330,#1331,#1332,#1333,#1334,#1335,#1336,
#1337,#1338,#1339,#1340,#1341,#1342,#1343,#1344,#1345,#1346,#1347,#1348,
#1349,#1350,#1351,#1352,#1353,#1354,#1355,#1356,#1357,#1358,#1359,#1360,
#1361,#1362,#1363,#1364,#1365,#1366)),.UNSPECIFIED.,.F.,.F.,.F.)
B_SPLINE_SURFACE_WITH_KNOTS((2,2),(3,2,2,2,2,2,2,2,2,2,2,2,2,2,2,2,2,2,
2,2,2,3),(0.,1.),(0.,0.0333333333333333,0.0666666666666667,0.1,0.133333333333333,
0.166666666666667,0.2,0.233333333333334,0.266666666666666,0.3,0.333333333333334,
0.366666666666666,0.4,0.433333333333334,0.466666666666667,0.5,0.533333333333333,
0.566666666666667,0.6,0.633333333333333,0.666666666666667,0.69135960897253),
 .PIECEWISE_BEZIER_KNOTS.)
GEOMETRIC_REPRESENTATION_ITEM()
RATIONAL_B_SPLINE_SURFACE(((1.,0.866025403784439,1.,0.866025403784439,1.,
0.866025403784439,1.,0.866025403784439,1.,0.866025403784439,1.,0.866025403784439,
1.,0.866025403784439,1.,0.866025403784439,1.,0.866025403784439,1.,0.866025403784439,
1.,0.866025403784439,1.,0.866025403784439,1.,0.866025403784439,1.,0.866025403784439,
1.,0.866025403784439,1.,0.866025403784439,1.,0.866025403784439,1.,0.866025403784439,
1.,0.866025403784439,1.,0.866025403784439,1.,0.900753190755936,0.948548125594151),
(1.,0.866025403784439,1.,0.866025403784439,1.,0.866025403784439,1.,0.866025403784439,
1.,0.866025403784439,1.,0.866025403784439,1.,0.866025403784439,1.,0.866025403784439,
1.,0.866025403784439,1.,0.866025403784439,1.,0.866025403784439,1.,0.866025403784439,
1.,0.866025403784439,1.,0.866025403784439,1.,0.866025403784439,1.,0.866025403784439,
1.,0.866025403784439,1.,0.866025403784439,1.,0.866025403784439,1.,0.866025403784439,
1.,0.900753190755936,0.948548125594151)))
REPRESENTATION_ITEM('')
SURFACE()
);
#14=(
BOUNDED_SURFACE()
B_SPLINE_SURFACE(3,2,((#1428,#1429,#1430,#1431,#1432,#1433,#1434,#1435,
#1436,#1437,#1438,#1439,#1440,#1441,#1442,#1443,#1444,#1445,#1446,#1447,
#1448,#1449,#1450,#1451,#1452,#1453,#1454,#1455,#1456,#1457,#1458,#1459,
#1460,#1461,#1462,#1463,#1464,#1465,#1466,#1467,#1468,#1469,#1470,#1471,
#1472,#1473,#1474),(#1475,#1476,#1477,#1478,#1479,#1480,#1481,#1482,#1483,
#1484,#1485,#1486,#1487,#1488,#1489,#1490,#1491,#1492,#1493,#1494,#1495,
#1496,#1497,#1498,#1499,#1500,#1501,#1502,#1503,#1504,#1505,#1506,#1507,
#1508,#1509,#1510,#1511,#1512,#1513,#1514,#1515,#1516,#1517,#1518,#1519,
#1520,#1521),(#1522,#1523,#1524,#1525,#1526,#1527,#1528,#1529,#1530,#1531,
#1532,#1533,#1534,#1535,#1536,#1537,#1538,#1539,#1540,#1541,#1542,#1543,
#1544,#1545,#1546,#1547,#1548,#1549,#1550,#1551,#1552,#1553,#1554,#1555,
#1556,#1557,#1558,#1559,#1560,#1561,#1562,#1563,#1564,#1565,#1566,#1567,
#1568),(#1569,#1570,#1571,#1572,#1573,#1574,#1575,#1576,#1577,#1578,#1579,
#1580,#1581,#1582,#1583,#1584,#1585,#1586,#1587,#1588,#1589,#1590,#1591,
#1592,#1593,#1594,#1595,#1596,#1597,#1598,#1599,#1600,#1601,#1602,#1603,
#1604,#1605,#1606,#1607,#1608,#1609,#1610,#1611,#1612,#1613,#1614,#1615)),
 .UNSPECIFIED.,.F.,.F.,.F.)
B_SPLINE_SURFACE_WITH_KNOTS((4,4),(3,2,2,2,2,2,2,2,2,2,2,2,2,2,2,2,2,2,
2,2,2,2,2,3),(0.,1.),(0.,0.0333333333333333,0.0666666666666667,0.1,0.133333333333333,
0.166666666666667,0.2,0.233333333333334,0.266666666666666,0.3,0.333333333333334,
0.366666666666666,0.4,0.433333333333334,0.466666666666667,0.5,0.533333333333333,
0.566666666666667,0.6,0.633333333333333,0.666666666666667,0.7,0.733333333333333,
0.742323057949223),.PIECEWISE_BEZIER_KNOTS.)
GEOMETRIC_REPRESENTATION_ITEM()
RATIONAL_B_SPLINE_SURFACE(((1.,0.866025403784439,1.,0.866025403784439,1.,
0.866025403784439,1.,0.866025403784439,1.,0.866025403784439,1.,0.866025403784439,
1.,0.866025403784439,1.,0.866025403784439,1.,0.866025403784439,1.,0.866025403784439,
1.,0.866025403784439,1.,0.866025403784439,1.,0.866025403784439,1.,0.866025403784439,
1.,0.866025403784439,1.,0.866025403784439,1.,0.866025403784439,1.,0.866025403784439,
1.,0.866025403784439,1.,0.866025403784439,1.,0.866025403784439,1.,0.866025403784439,
1.,0.963868158234912,0.947225234909807),(0.789473685759965,0.683704267487463,
0.789473685759965,0.683704267487463,0.789473685759965,0.683704267487463,
0.789473685759965,0.683704267487463,0.789473685759965,0.683704267487463,
0.789473685759965,0.683704267487463,0.789473685759965,0.683704267487463,
0.789473685759965,0.683704267487463,0.789473685759965,0.683704267487463,
0.789473685759965,0.683704267487463,0.789473685759965,0.683704267487463,
0.789473685759965,0.683704267487463,0.789473685759965,0.683704267487463,
0.789473685759965,0.683704267487463,0.789473685759965,0.683704267487463,
0.789473685759965,0.683704267487463,0.789473685759965,0.683704267487463,
0.789473685759965,0.683704267487463,0.789473685759965,0.683704267487463,
0.789473685759965,0.683704267487463,0.789473685759965,0.683704267487463,
0.789473685759965,0.683704267487463,0.789473685759965,0.760948547468385,
0.747809397449094),(0.789473685759965,0.683704267487463,0.789473685759965,
0.683704267487463,0.789473685759965,0.683704267487463,0.789473685759965,
0.683704267487463,0.789473685759965,0.683704267487463,0.789473685759965,
0.683704267487463,0.789473685759965,0.683704267487463,0.789473685759965,
0.683704267487463,0.789473685759965,0.683704267487463,0.789473685759965,
0.683704267487463,0.789473685759965,0.683704267487463,0.789473685759965,
0.683704267487463,0.789473685759965,0.683704267487463,0.789473685759965,
0.683704267487463,0.789473685759965,0.683704267487463,0.789473685759965,
0.683704267487463,0.789473685759965,0.683704267487463,0.789473685759965,
0.683704267487463,0.789473685759965,0.683704267487463,0.789473685759965,
0.683704267487463,0.789473685759965,0.683704267487463,0.789473685759965,
0.683704267487463,0.789473685759965,0.760948547468385,0.747809397449094),
(1.,0.866025403784439,1.,0.866025403784439,1.,0.866025403784439,1.,0.866025403784439,
1.,0.866025403784439,1.,0.866025403784439,1.,0.866025403784439,1.,0.866025403784439,
1.,0.866025403784439,1.,0.866025403784439,1.,0.866025403784439,1.,0.866025403784439,
1.,0.866025403784439,1.,0.866025403784439,1.,0.866025403784439,1.,0.866025403784439,
1.,0.866025403784439,1.,0.866025403784439,1.,0.866025403784439,1.,0.866025403784439,
1.,0.866025403784439,1.,0.866025403784439,1.,0.963868158234912,0.947225234909807)))
REPRESENTATION_ITEM('')
SURFACE()
);
#15=(
BOUNDED_SURFACE()
B_SPLINE_SURFACE(3,3,((#1617,#1618,#1619,#1620,#1621,#1622,#1623,#1624,
#1625,#1626,#1627,#1628,#1629,#1630,#1631,#1632,#1633,#1634,#1635,#1636,
#1637,#1638,#1639,#1640,#1641,#1642,#1643,#1644,#1645,#1646,#1647,#1648,
#1649,#1650,#1651,#1652),(#1653,#1654,#1655,#1656,#1657,#1658,#1659,#1660,
#1661,#1662,#1663,#1664,#1665,#1666,#1667,#1668,#1669,#1670,#1671,#1672,
#1673,#1674,#1675,#1676,#1677,#1678,#1679,#1680,#1681,#1682,#1683,#1684,
#1685,#1686,#1687,#1688),(#1689,#1690,#1691,#1692,#1693,#1694,#1695,#1696,
#1697,#1698,#1699,#1700,#1701,#1702,#1703,#1704,#1705,#1706,#1707,#1708,
#1709,#1710,#1711,#1712,#1713,#1714,#1715,#1716,#1717,#1718,#1719,#1720,
#1721,#1722,#1723,#1724),(#1725,#1726,#1727,#1728,#1729,#1730,#1731,#1732,
#1733,#1734,#1735,#1736,#1737,#1738,#1739,#1740,#1741,#1742,#1743,#1744,
#1745,#1746,#1747,#1748,#1749,#1750,#1751,#1752,#1753,#1754,#1755,#1756,
#1757,#1758,#1759,#1760)),.UNSPECIFIED.,.F.,.F.,.F.)
B_SPLINE_SURFACE_WITH_KNOTS((4,4),(4,2,2,2,2,2,2,2,2,2,2,2,2,2,2,2,2,4),
(0.,1.),(0.,0.0156250000000003,0.0781250000000016,0.140625000000002,0.203125000000002,
0.265625,0.328125,0.390625,0.453125,0.515625,0.578125,0.640625,0.703125,
0.765625,0.828125,0.890625,0.953125,1.),.UNSPECIFIED.)
GEOMETRIC_REPRESENTATION_ITEM()
RATIONAL_B_SPLINE_SURFACE(((1.,1.,1.,1.,1.,1.,1.,1.,1.,1.,1.,1.,1.,1.,1.,
1.,1.,1.,1.,1.,1.,1.,1.,1.,1.,1.,1.,1.,1.,1.,1.,1.,1.,1.,1.,1.),(0.789473685759965,
0.789473685759965,0.789473685759965,0.789473685759965,0.789473685759965,
0.789473685759965,0.789473685759965,0.789473685759965,0.789473685759965,
0.789473685759965,0.789473685759965,0.789473685759965,0.789473685759965,
0.789473685759965,0.789473685759965,0.789473685759965,0.789473685759965,
0.789473685759965,0.789473685759965,0.789473685759965,0.789473685759965,
0.789473685759965,0.789473685759965,0.789473685759965,0.789473685759965,
0.789473685759965,0.789473685759965,0.789473685759965,0.789473685759965,
0.789473685759965,0.789473685759965,0.789473685759965,0.789473685759965,
0.789473685759965,0.789473685759965,0.789473685759965),(0.789473685759965,
0.789473685759965,0.789473685759965,0.789473685759965,0.789473685759965,
0.789473685759965,0.789473685759965,0.789473685759965,0.789473685759965,
0.789473685759965,0.789473685759965,0.789473685759965,0.789473685759965,
0.789473685759965,0.789473685759965,0.789473685759965,0.789473685759965,
0.789473685759965,0.789473685759965,0.789473685759965,0.789473685759965,
0.789473685759965,0.789473685759965,0.789473685759965,0.789473685759965,
0.789473685759965,0.789473685759965,0.789473685759965,0.789473685759965,
0.789473685759965,0.789473685759965,0.789473685759965,0.789473685759965,
0.789473685759965,0.789473685759965,0.789473685759965),(1.,1.,1.,1.,1.,
1.,1.,1.,1.,1.,1.,1.,1.,1.,1.,1.,1.,1.,1.,1.,1.,1.,1.,1.,1.,1.,1.,1.,1.,
1.,1.,1.,1.,1.,1.,1.)))
REPRESENTATION_ITEM('')
SURFACE()
);
#16=(
BOUNDED_SURFACE()
B_SPLINE_SURFACE(1,2,((#1987,#1988,#1989,#1990,#1991,#1992,#1993,#1994,
#1995,#1996,#1997,#1998,#1999,#2000,#2001,#2002,#2003,#2004,#2005,#2006,
#2007,#2008,#2009,#2010,#2011,#2012,#2013,#2014,#2015,#2016,#2017,#2018,
#2019,#2020,#2021,#2022,#2023,#2024,#2025,#2026,#2027,#2028,#2029,#2030,
#2031,#2032,#2033,#2034,#2035,#2036,#2037),(#2038,#2039,#2040,#2041,#2042,
#2043,#2044,#2045,#2046,#2047,#2048,#2049,#2050,#2051,#2052,#2053,#2054,
#2055,#2056,#2057,#2058,#2059,#2060,#2061,#2062,#2063,#2064,#2065,#2066,
#2067,#2068,#2069,#2070,#2071,#2072,#2073,#2074,#2075,#2076,#2077,#2078,
#2079,#2080,#2081,#2082,#2083,#2084,#2085,#2086,#2087,#2088)),
 .UNSPECIFIED.,.F.,.F.,.F.)
B_SPLINE_SURFACE_WITH_KNOTS((2,2),(3,2,2,2,2,2,2,2,2,2,2,2,2,2,2,2,2,2,
2,2,2,2,2,2,2,3),(0.,1.),(0.,0.0333333333333333,0.0666666666666667,0.1,
0.133333333333333,0.166666666666667,0.2,0.233333333333334,0.266666666666666,
0.3,0.333333333333334,0.366666666666666,0.4,0.433333333333334,0.466666666666667,
0.5,0.533333333333333,0.566666666666667,0.6,0.633333333333333,0.666666666666667,
0.7,0.733333333333333,0.766666666666667,0.8,0.8048),
 .PIECEWISE_BEZIER_KNOTS.)
GEOMETRIC_REPRESENTATION_ITEM()
RATIONAL_B_SPLINE_SURFACE(((1.,0.866025403784439,1.,0.866025403784439,1.,
0.866025403784439,1.,0.866025403784439,1.,0.866025403784439,1.,0.866025403784439,
1.,0.866025403784439,1.,0.866025403784439,1.,0.866025403784439,1.,0.866025403784439,
1.,0.866025403784439,1.,0.866025403784439,1.,0.866025403784439,1.,0.866025403784439,
1.,0.866025403784439,1.,0.866025403784439,1.,0.866025403784439,1.,0.866025403784439,
1.,0.866025403784439,1.,0.866025403784439,1.,0.866025403784439,1.,0.866025403784439,
1.,0.866025403784439,1.,0.866025403784439,1.,0.980707658144959,0.96697151074417),
(1.,0.866025403784439,1.,0.866025403784439,1.,0.866025403784439,1.,0.866025403784439,
1.,0.866025403784439,1.,0.866025403784439,1.,0.866025403784439,1.,0.866025403784439,
1.,0.866025403784439,1.,0.866025403784439,1.,0.866025403784439,1.,0.866025403784439,
1.,0.866025403784439,1.,0.866025403784439,1.,0.866025403784439,1.,0.866025403784439,
1.,0.866025403784439,1.,0.866025403784439,1.,0.866025403784439,1.,0.866025403784439,
1.,0.866025403784439,1.,0.866025403784439,1.,0.866025403784439,1.,0.866025403784439,
1.,0.980707658144959,0.96697151074417)))
REPRESENTATION_ITEM('')
SURFACE()
);
#17=(
BOUNDED_SURFACE()
B_SPLINE_SURFACE(1,2,((#2150,#2151,#2152,#2153,#2154,#2155,#2156,#2157,
#2158,#2159,#2160,#2161,#2162,#2163,#2164,#2165,#2166,#2167,#2168,#2169,
#2170,#2171,#2172,#2173,#2174,#2175,#2176,#2177,#2178,#2179,#2180,#2181,
#2182,#2183,#2184,#2185,#2186,#2187,#2188,#2189,#2190,#2191,#2192),(#2193,
#2194,#2195,#2196,#2197,#2198,#2199,#2200,#2201,#2202,#2203,#2204,#2205,
#2206,#2207,#2208,#2209,#2210,#2211,#2212,#2213,#2214,#2215,#2216,#2217,
#2218,#2219,#2220,#2221,#2222,#2223,#2224,#2225,#2226,#2227,#2228,#2229,
#2230,#2231,#2232,#2233,#2234,#2235)),.UNSPECIFIED.,.F.,.F.,.F.)
B_SPLINE_SURFACE_WITH_KNOTS((2,2),(3,2,2,2,2,2,2,2,2,2,2,2,2,2,2,2,2,2,
2,2,2,3),(0.,1.),(0.,0.0333333333333333,0.0666666666666667,0.1,0.133333333333333,
0.166666666666667,0.2,0.233333333333334,0.266666666666666,0.3,0.333333333333334,
0.366666666666666,0.4,0.433333333333334,0.466666666666667,0.5,0.533333333333333,
0.566666666666667,0.6,0.633333333333333,0.666666666666667,0.691359608972529),
 .PIECEWISE_BEZIER_KNOTS.)
GEOMETRIC_REPRESENTATION_ITEM()
RATIONAL_B_SPLINE_SURFACE(((1.,0.866025403784439,1.,0.866025403784439,1.,
0.866025403784439,1.,0.866025403784439,1.,0.866025403784439,1.,0.866025403784439,
1.,0.866025403784439,1.,0.866025403784439,1.,0.866025403784439,1.,0.866025403784439,
1.,0.866025403784439,1.,0.866025403784439,1.,0.866025403784439,1.,0.866025403784439,
1.,0.866025403784439,1.,0.866025403784439,1.,0.866025403784439,1.,0.866025403784439,
1.,0.866025403784439,1.,0.866025403784439,1.,0.90075319075594,0.948548125594148),
(1.,0.866025403784439,1.,0.866025403784439,1.,0.866025403784439,1.,0.866025403784439,
1.,0.866025403784439,1.,0.866025403784439,1.,0.866025403784439,1.,0.866025403784439,
1.,0.866025403784439,1.,0.866025403784439,1.,0.866025403784439,1.,0.866025403784439,
1.,0.866025403784439,1.,0.866025403784439,1.,0.866025403784439,1.,0.866025403784439,
1.,0.866025403784439,1.,0.866025403784439,1.,0.866025403784439,1.,0.866025403784439,
1.,0.90075319075594,0.948548125594148)))
REPRESENTATION_ITEM('')
SURFACE()
);
#18=(
BOUNDED_SURFACE()
B_SPLINE_SURFACE(3,2,((#2297,#2298,#2299,#2300,#2301,#2302,#2303,#2304,
#2305,#2306,#2307,#2308,#2309,#2310,#2311,#2312,#2313,#2314,#2315,#2316,
#2317,#2318,#2319,#2320,#2321,#2322,#2323,#2324,#2325,#2326,#2327,#2328,
#2329,#2330,#2331,#2332,#2333,#2334,#2335,#2336,#2337,#2338,#2339,#2340,
#2341,#2342,#2343),(#2344,#2345,#2346,#2347,#2348,#2349,#2350,#2351,#2352,
#2353,#2354,#2355,#2356,#2357,#2358,#2359,#2360,#2361,#2362,#2363,#2364,
#2365,#2366,#2367,#2368,#2369,#2370,#2371,#2372,#2373,#2374,#2375,#2376,
#2377,#2378,#2379,#2380,#2381,#2382,#2383,#2384,#2385,#2386,#2387,#2388,
#2389,#2390),(#2391,#2392,#2393,#2394,#2395,#2396,#2397,#2398,#2399,#2400,
#2401,#2402,#2403,#2404,#2405,#2406,#2407,#2408,#2409,#2410,#2411,#2412,
#2413,#2414,#2415,#2416,#2417,#2418,#2419,#2420,#2421,#2422,#2423,#2424,
#2425,#2426,#2427,#2428,#2429,#2430,#2431,#2432,#2433,#2434,#2435,#2436,
#2437),(#2438,#2439,#2440,#2441,#2442,#2443,#2444,#2445,#2446,#2447,#2448,
#2449,#2450,#2451,#2452,#2453,#2454,#2455,#2456,#2457,#2458,#2459,#2460,
#2461,#2462,#2463,#2464,#2465,#2466,#2467,#2468,#2469,#2470,#2471,#2472,
#2473,#2474,#2475,#2476,#2477,#2478,#2479,#2480,#2481,#2482,#2483,#2484)),
 .UNSPECIFIED.,.F.,.F.,.F.)
B_SPLINE_SURFACE_WITH_KNOTS((4,4),(3,2,2,2,2,2,2,2,2,2,2,2,2,2,2,2,2,2,
2,2,2,2,2,3),(0.,1.),(0.,0.0333333333333333,0.0666666666666667,0.1,0.133333333333333,
0.166666666666667,0.2,0.233333333333334,0.266666666666666,0.3,0.333333333333334,
0.366666666666666,0.4,0.433333333333334,0.466666666666667,0.5,0.533333333333333,
0.566666666666667,0.6,0.633333333333333,0.666666666666667,0.7,0.733333333333333,
0.742323057949223),.PIECEWISE_BEZIER_KNOTS.)
GEOMETRIC_REPRESENTATION_ITEM()
RATIONAL_B_SPLINE_SURFACE(((1.,0.866025403784439,1.,0.866025403784439,1.,
0.866025403784439,1.,0.866025403784439,1.,0.866025403784439,1.,0.866025403784439,
1.,0.866025403784439,1.,0.866025403784439,1.,0.866025403784439,1.,0.866025403784439,
1.,0.866025403784439,1.,0.866025403784439,1.,0.866025403784439,1.,0.866025403784439,
1.,0.866025403784439,1.,0.866025403784439,1.,0.866025403784439,1.,0.866025403784439,
1.,0.866025403784439,1.,0.866025403784439,1.,0.866025403784439,1.,0.866025403784439,
1.,0.96386815823491,0.947225234909806),(0.78947368575996,0.683704267487458,
0.78947368575996,0.683704267487458,0.78947368575996,0.683704267487458,0.78947368575996,
0.683704267487458,0.78947368575996,0.683704267487458,0.78947368575996,0.683704267487458,
0.78947368575996,0.683704267487458,0.78947368575996,0.683704267487458,0.78947368575996,
0.683704267487458,0.78947368575996,0.683704267487458,0.78947368575996,0.683704267487458,
0.78947368575996,0.683704267487458,0.78947368575996,0.683704267487458,0.78947368575996,
0.683704267487458,0.78947368575996,0.683704267487458,0.78947368575996,0.683704267487458,
0.78947368575996,0.683704267487458,0.78947368575996,0.683704267487458,0.78947368575996,
0.683704267487458,0.78947368575996,0.683704267487458,0.78947368575996,0.683704267487458,
0.78947368575996,0.683704267487458,0.78947368575996,0.760948547468379,0.747809397449088),
(0.78947368575996,0.683704267487458,0.78947368575996,0.683704267487458,
0.78947368575996,0.683704267487458,0.78947368575996,0.683704267487458,0.78947368575996,
0.683704267487458,0.78947368575996,0.683704267487458,0.78947368575996,0.683704267487458,
0.78947368575996,0.683704267487458,0.78947368575996,0.683704267487458,0.78947368575996,
0.683704267487458,0.78947368575996,0.683704267487458,0.78947368575996,0.683704267487458,
0.78947368575996,0.683704267487458,0.78947368575996,0.683704267487458,0.78947368575996,
0.683704267487458,0.78947368575996,0.683704267487458,0.78947368575996,0.683704267487458,
0.78947368575996,0.683704267487458,0.78947368575996,0.683704267487458,0.78947368575996,
0.683704267487458,0.78947368575996,0.683704267487458,0.78947368575996,0.683704267487458,
0.78947368575996,0.760948547468379,0.747809397449088),(1.,0.866025403784439,
1.,0.866025403784439,1.,0.866025403784439,1.,0.866025403784439,1.,0.866025403784439,
1.,0.866025403784439,1.,0.866025403784439,1.,0.866025403784439,1.,0.866025403784439,
1.,0.866025403784439,1.,0.866025403784439,1.,0.866025403784439,1.,0.866025403784439,
1.,0.866025403784439,1.,0.866025403784439,1.,0.866025403784439,1.,0.866025403784439,
1.,0.866025403784439,1.,0.866025403784439,1.,0.866025403784439,1.,0.866025403784439,
1.,0.866025403784439,1.,0.96386815823491,0.947225234909806)))
REPRESENTATION_ITEM('')
SURFACE()
);
#19=(
BOUNDED_SURFACE()
B_SPLINE_SURFACE(3,3,((#2486,#2487,#2488,#2489,#2490,#2491,#2492,#2493,
#2494,#2495,#2496,#2497,#2498,#2499,#2500,#2501,#2502,#2503,#2504,#2505,
#2506,#2507,#2508,#2509,#2510,#2511,#2512,#2513,#2514,#2515,#2516,#2517,
#2518,#2519,#2520,#2521),(#2522,#2523,#2524,#2525,#2526,#2527,#2528,#2529,
#2530,#2531,#2532,#2533,#2534,#2535,#2536,#2537,#2538,#2539,#2540,#2541,
#2542,#2543,#2544,#2545,#2546,#2547,#2548,#2549,#2550,#2551,#2552,#2553,
#2554,#2555,#2556,#2557),(#2558,#2559,#2560,#2561,#2562,#2563,#2564,#2565,
#2566,#2567,#2568,#2569,#2570,#2571,#2572,#2573,#2574,#2575,#2576,#2577,
#2578,#2579,#2580,#2581,#2582,#2583,#2584,#2585,#2586,#2587,#2588,#2589,
#2590,#2591,#2592,#2593),(#2594,#2595,#2596,#2597,#2598,#2599,#2600,#2601,
#2602,#2603,#2604,#2605,#2606,#2607,#2608,#2609,#2610,#2611,#2612,#2613,
#2614,#2615,#2616,#2617,#2618,#2619,#2620,#2621,#2622,#2623,#2624,#2625,
#2626,#2627,#2628,#2629)),.UNSPECIFIED.,.F.,.F.,.F.)
B_SPLINE_SURFACE_WITH_KNOTS((4,4),(4,2,2,2,2,2,2,2,2,2,2,2,2,2,2,2,2,4),
(0.,1.),(0.,0.0156250000000004,0.0781250000000016,0.140625000000002,0.203125,
0.265625,0.328125,0.390625,0.453125,0.515625,0.578125,0.640625,0.703125,
0.765625,0.828125,0.890625,0.953125,1.),.UNSPECIFIED.)
GEOMETRIC_REPRESENTATION_ITEM()
RATIONAL_B_SPLINE_SURFACE(((1.,1.,1.,1.,1.,1.,1.,1.,1.,1.,1.,1.,1.,1.,1.,
1.,1.,1.,1.,1.,1.,1.,1.,1.,1.,1.,1.,1.,1.,1.,1.,1.,1.,1.,1.,1.),(0.78947368575996,
0.78947368575996,0.78947368575996,0.78947368575996,0.78947368575996,0.78947368575996,
0.78947368575996,0.78947368575996,0.78947368575996,0.78947368575996,0.78947368575996,
0.78947368575996,0.78947368575996,0.78947368575996,0.78947368575996,0.78947368575996,
0.78947368575996,0.78947368575996,0.78947368575996,0.78947368575996,0.78947368575996,
0.78947368575996,0.78947368575996,0.78947368575996,0.78947368575996,0.78947368575996,
0.78947368575996,0.78947368575996,0.78947368575996,0.78947368575996,0.78947368575996,
0.78947368575996,0.78947368575996,0.78947368575996,0.78947368575996,0.78947368575996),
(0.78947368575996,0.78947368575996,0.78947368575996,0.78947368575996,0.78947368575996,
0.78947368575996,0.78947368575996,0.78947368575996,0.78947368575996,0.78947368575996,
0.78947368575996,0.78947368575996,0.78947368575996,0.78947368575996,0.78947368575996,
0.78947368575996,0.78947368575996,0.78947368575996,0.78947368575996,0.78947368575996,
0.78947368575996,0.78947368575996,0.78947368575996,0.78947368575996,0.78947368575996,
0.78947368575996,0.78947368575996,0.78947368575996,0.78947368575996,0.78947368575996,
0.78947368575996,0.78947368575996,0.78947368575996,0.78947368575996,0.78947368575996,
0.78947368575996),(1.,1.,1.,1.,1.,1.,1.,1.,1.,1.,1.,1.,1.,1.,1.,1.,1.,1.,
1.,1.,1.,1.,1.,1.,1.,1.,1.,1.,1.,1.,1.,1.,1.,1.,1.,1.)))
REPRESENTATION_ITEM('')
SURFACE()
);
#20=B_SPLINE_SURFACE_WITH_KNOTS('',1,3,((#898,#899,#900,#901,#902,#903,
#904,#905,#906,#907,#908,#909,#910,#911,#912,#913,#914,#915,#916,#917,#918,
#919,#920,#921,#922,#923,#924,#925,#926,#927,#928,#929,#930,#931,#932,#933),
(#934,#935,#936,#937,#938,#939,#940,#941,#942,#943,#944,#945,#946,#947,
#948,#949,#950,#951,#952,#953,#954,#955,#956,#957,#958,#959,#960,#961,#962,
#963,#964,#965,#966,#967,#968,#969)),.RULED_SURF.,.F.,.F.,.F.,(2,2),(4,
2,2,2,2,2,2,2,2,2,2,2,2,2,2,2,2,4),(0.,1.),(0.,0.0156250000000003,0.0781250000000016,
0.140625000000002,0.203125000000002,0.265625,0.328125,0.390625,0.453125,
0.515625,0.578125,0.640625,0.703125,0.765625,0.828125,0.890625,0.953125,
1.),.UNSPECIFIED.);
#21=B_SPLINE_SURFACE_WITH_KNOTS('',1,3,((#1008,#1009,#1010,#1011,#1012,
#1013,#1014,#1015,#1016,#1017,#1018,#1019,#1020,#1021,#1022,#1023,#1024,
#1025,#1026,#1027,#1028,#1029,#1030,#1031,#1032,#1033,#1034,#1035,#1036,
#1037,#1038,#1039,#1040,#1041,#1042,#1043),(#1044,#1045,#1046,#1047,#1048,
#1049,#1050,#1051,#1052,#1053,#1054,#1055,#1056,#1057,#1058,#1059,#1060,
#1061,#1062,#1063,#1064,#1065,#1066,#1067,#1068,#1069,#1070,#1071,#1072,
#1073,#1074,#1075,#1076,#1077,#1078,#1079)),.RULED_SURF.,.F.,.F.,.F.,(2,
2),(4,2,2,2,2,2,2,2,2,2,2,2,2,2,2,2,2,4),(0.,1.),(0.,0.0156250000000003,
0.0781250000000016,0.140625000000002,0.203125000000002,0.265625,0.328125,
0.390625,0.453125,0.515625,0.578125,0.640625,0.703125,0.765625,0.828125,
0.890625,0.953125,1.),.UNSPECIFIED.);
#22=B_SPLINE_SURFACE_WITH_KNOTS('',1,3,((#1767,#1768,#1769,#1770,#1771,
#1772,#1773,#1774,#1775,#1776,#1777,#1778,#1779,#1780,#1781,#1782,#1783,
#1784,#1785,#1786,#1787,#1788,#1789,#1790,#1791,#1792,#1793,#1794,#1795,
#1796,#1797,#1798,#1799,#1800,#1801,#1802),(#1803,#1804,#1805,#1806,#1807,
#1808,#1809,#1810,#1811,#1812,#1813,#1814,#1815,#1816,#1817,#1818,#1819,
#1820,#1821,#1822,#1823,#1824,#1825,#1826,#1827,#1828,#1829,#1830,#1831,
#1832,#1833,#1834,#1835,#1836,#1837,#1838)),.RULED_SURF.,.F.,.F.,.F.,(2,
2),(4,2,2,2,2,2,2,2,2,2,2,2,2,2,2,2,2,4),(0.,1.),(0.,0.0156250000000004,
0.0781250000000016,0.140625000000002,0.203125,0.265625,0.328125,0.390625,
0.453125,0.515625,0.578125,0.640625,0.703125,0.765625,0.828125,0.890625,
0.953125,1.),.UNSPECIFIED.);
#23=B_SPLINE_SURFACE_WITH_KNOTS('',1,3,((#1877,#1878,#1879,#1880,#1881,
#1882,#1883,#1884,#1885,#1886,#1887,#1888,#1889,#1890,#1891,#1892,#1893,
#1894,#1895,#1896,#1897,#1898,#1899,#1900,#1901,#1902,#1903,#1904,#1905,
#1906,#1907,#1908,#1909,#1910,#1911,#1912),(#1913,#1914,#1915,#1916,#1917,
#1918,#1919,#1920,#1921,#1922,#1923,#1924,#1925,#1926,#1927,#1928,#1929,
#1930,#1931,#1932,#1933,#1934,#1935,#1936,#1937,#1938,#1939,#1940,#1941,
#1942,#1943,#1944,#1945,#1946,#1947,#1948)),.RULED_SURF.,.F.,.F.,.F.,(2,
2),(4,2,2,2,2,2,2,2,2,2,2,2,2,2,2,2,2,4),(0.,1.),(0.,0.0156250000000004,
0.0781250000000016,0.140625000000002,0.203125,0.265625,0.328125,0.390625,
0.453125,0.515625,0.578125,0.640625,0.703125,0.765625,0.828125,0.890625,
0.953125,1.),.UNSPECIFIED.);
#24=ELLIPSE('',#422,0.753494428916522,0.00375);
#25=ELLIPSE('',#426,0.753494428910106,0.00375);
#26=(
BOUNDED_CURVE()
B_SPLINE_CURVE(2,(#558,#559,#560,#561,#562,#563,#564,#565,#566,#567,#568,
#569,#570,#571,#572,#573,#574,#575,#576,#577,#578,#579,#580,#581,#582,#583,
#584,#585,#586,#587,#588,#589,#590,#591,#592,#593,#594,#595,#596,#597,#598,
#599,#600,#601,#602,#603,#604,#605,#606,#607,#608,#609,#610,#611,#612,#613,
#614,#615,#616,#617,#618),.UNSPECIFIED.,.F.,.F.)
B_SPLINE_CURVE_WITH_KNOTS((3,2,2,2,2,2,2,2,2,2,2,2,2,2,2,2,2,2,2,2,2,2,
2,2,2,2,2,2,2,2,3),(0.,0.0333333333333333,0.0666666666666667,0.1,0.133333333333333,
0.166666666666667,0.2,0.233333333333334,0.266666666666666,0.3,0.333333333333334,
0.366666666666666,0.4,0.433333333333334,0.466666666666667,0.5,0.533333333333333,
0.566666666666667,0.6,0.633333333333333,0.666666666666667,0.7,0.733333333333333,
0.766666666666667,0.8,0.833333333333333,0.866666666666667,0.9,0.933333333333333,
0.966666666666667,1.),.UNSPECIFIED.)
CURVE()
GEOMETRIC_REPRESENTATION_ITEM()
RATIONAL_B_SPLINE_CURVE((1.,0.866025403784439,1.,0.866025403784439,1.,0.866025403784439,
1.,0.866025403784439,1.,0.866025403784439,1.,0.866025403784439,1.,0.866025403784439,
1.,0.866025403784439,1.,0.866025403784439,1.,0.866025403784439,1.,0.866025403784439,
1.,0.866025403784439,1.,0.866025403784439,1.,0.866025403784439,1.,0.866025403784439,
1.,0.866025403784439,1.,0.866025403784439,1.,0.866025403784439,1.,0.866025403784439,
1.,0.866025403784439,1.,0.866025403784439,1.,0.866025403784439,1.,0.866025403784439,
1.,0.866025403784439,1.,0.866025403784439,1.,0.866025403784439,1.,0.866025403784439,
1.,0.866025403784439,1.,0.866025403784439,1.,0.866025403784439,1.))
REPRESENTATION_ITEM('')
);
#27=(
BOUNDED_CURVE()
B_SPLINE_CURVE(2,(#622,#623,#624,#625,#626,#627,#628,#629,#630,#631,#632,
#633,#634,#635,#636,#637,#638,#639,#640,#641,#642,#643,#644,#645,#646,#647,
#648,#649,#650,#651,#652,#653,#654,#655,#656,#657,#658,#659,#660,#661,#662,
#663,#664,#665,#666,#667,#668,#669,#670,#671,#672,#673,#674,#675,#676,#677,
#678,#679,#680,#681,#682),.UNSPECIFIED.,.F.,.F.)
B_SPLINE_CURVE_WITH_KNOTS((3,2,2,2,2,2,2,2,2,2,2,2,2,2,2,2,2,2,2,2,2,2,
2,2,2,2,2,2,2,2,3),(0.,0.0333333333333333,0.0666666666666667,0.1,0.133333333333333,
0.166666666666667,0.2,0.233333333333334,0.266666666666666,0.3,0.333333333333334,
0.366666666666666,0.4,0.433333333333334,0.466666666666667,0.5,0.533333333333333,
0.566666666666667,0.6,0.633333333333333,0.666666666666667,0.7,0.733333333333333,
0.766666666666667,0.8,0.833333333333333,0.866666666666667,0.9,0.933333333333333,
0.966666666666667,1.),.UNSPECIFIED.)
CURVE()
GEOMETRIC_REPRESENTATION_ITEM()
RATIONAL_B_SPLINE_CURVE((1.,0.866025403784439,1.,0.866025403784439,1.,0.866025403784439,
1.,0.866025403784439,1.,0.866025403784439,1.,0.866025403784439,1.,0.866025403784439,
1.,0.866025403784439,1.,0.866025403784439,1.,0.866025403784439,1.,0.866025403784439,
1.,0.866025403784439,1.,0.866025403784439,1.,0.866025403784439,1.,0.866025403784439,
1.,0.866025403784439,1.,0.866025403784439,1.,0.866025403784439,1.,0.866025403784439,
1.,0.866025403784439,1.,0.866025403784439,1.,0.866025403784439,1.,0.866025403784439,
1.,0.866025403784439,1.,0.866025403784439,1.,0.866025403784439,1.,0.866025403784439,
1.,0.866025403784439,1.,0.866025403784439,1.,0.866025403784439,1.))
REPRESENTATION_ITEM('')
);
#28=(
BOUNDED_CURVE()
B_SPLINE_CURVE(2,(#732,#733,#734,#735,#736,#737,#738,#739,#740,#741,#742,
#743,#744,#745,#746,#747,#748,#749,#750,#751,#752,#753,#754,#755,#756,#757,
#758,#759,#760,#761,#762,#763,#764,#765,#766,#767,#768,#769,#770,#771,#772,
#773,#774,#775,#776,#777,#778,#779,#780,#781,#782,#783,#784,#785,#786,#787,
#788,#789,#790,#791,#792),.UNSPECIFIED.,.F.,.F.)
B_SPLINE_CURVE_WITH_KNOTS((3,2,2,2,2,2,2,2,2,2,2,2,2,2,2,2,2,2,2,2,2,2,
2,2,2,2,2,2,2,2,3),(0.,0.0333333333333333,0.0666666666666667,0.1,0.133333333333333,
0.166666666666667,0.2,0.233333333333334,0.266666666666666,0.3,0.333333333333334,
0.366666666666666,0.4,0.433333333333334,0.466666666666667,0.5,0.533333333333333,
0.566666666666667,0.6,0.633333333333333,0.666666666666667,0.7,0.733333333333333,
0.766666666666667,0.8,0.833333333333333,0.866666666666667,0.9,0.933333333333333,
0.966666666666667,1.),.UNSPECIFIED.)
CURVE()
GEOMETRIC_REPRESENTATION_ITEM()
RATIONAL_B_SPLINE_CURVE((1.,0.866025403784439,1.,0.866025403784439,1.,0.866025403784439,
1.,0.866025403784439,1.,0.866025403784439,1.,0.866025403784439,1.,0.866025403784439,
1.,0.866025403784439,1.,0.866025403784439,1.,0.866025403784439,1.,0.866025403784439,
1.,0.866025403784439,1.,0.866025403784439,1.,0.866025403784439,1.,0.866025403784439,
1.,0.866025403784439,1.,0.866025403784439,1.,0.866025403784439,1.,0.866025403784439,
1.,0.866025403784439,1.,0.866025403784439,1.,0.866025403784439,1.,0.866025403784439,
1.,0.866025403784439,1.,0.866025403784439,1.,0.866025403784439,1.,0.866025403784439,
1.,0.866025403784439,1.,0.866025403784439,1.,0.866025403784439,1.))
REPRESENTATION_ITEM('')
);
#29=(
BOUNDED_CURVE()
B_SPLINE_CURVE(2,(#796,#797,#798,#799,#800,#801,#802,#803,#804,#805,#806,
#807,#808,#809,#810,#811,#812,#813,#814,#815,#816,#817,#818,#819,#820,#821,
#822,#823,#824,#825,#826,#827,#828,#829,#830,#831,#832,#833,#834,#835,#836,
#837,#838,#839,#840,#841,#842,#843,#844,#845,#846,#847,#848,#849,#850,#851,
#852,#853,#854,#855,#856),.UNSPECIFIED.,.F.,.F.)
B_SPLINE_CURVE_WITH_KNOTS((3,2,2,2,2,2,2,2,2,2,2,2,2,2,2,2,2,2,2,2,2,2,
2,2,2,2,2,2,2,2,3),(0.,0.0333333333333333,0.0666666666666667,0.1,0.133333333333333,
0.166666666666667,0.2,0.233333333333334,0.266666666666666,0.3,0.333333333333334,
0.366666666666666,0.4,0.433333333333334,0.466666666666667,0.5,0.533333333333333,
0.566666666666667,0.6,0.633333333333333,0.666666666666667,0.7,0.733333333333333,
0.766666666666667,0.8,0.833333333333333,0.866666666666667,0.9,0.933333333333333,
0.966666666666667,1.),.UNSPECIFIED.)
CURVE()
GEOMETRIC_REPRESENTATION_ITEM()
RATIONAL_B_SPLINE_CURVE((1.,0.866025403784439,1.,0.866025403784439,1.,0.866025403784439,
1.,0.866025403784439,1.,0.866025403784439,1.,0.866025403784439,1.,0.866025403784439,
1.,0.866025403784439,1.,0.866025403784439,1.,0.866025403784439,1.,0.866025403784439,
1.,0.866025403784439,1.,0.866025403784439,1.,0.866025403784439,1.,0.866025403784439,
1.,0.866025403784439,1.,0.866025403784439,1.,0.866025403784439,1.,0.866025403784439,
1.,0.866025403784439,1.,0.866025403784439,1.,0.866025403784439,1.,0.866025403784439,
1.,0.866025403784439,1.,0.866025403784439,1.,0.866025403784439,1.,0.866025403784439,
1.,0.866025403784439,1.,0.866025403784439,1.,0.866025403784439,1.))
REPRESENTATION_ITEM('')
);
#30=(
BOUNDED_CURVE()
B_SPLINE_CURVE(2,(#1220,#1221,#1222,#1223,#1224,#1225,#1226,#1227,#1228,
#1229,#1230,#1231,#1232,#1233,#1234,#1235,#1236,#1237,#1238,#1239,#1240,
#1241,#1242,#1243,#1244,#1245,#1246,#1247,#1248,#1249,#1250,#1251,#1252,
#1253,#1254,#1255,#1256,#1257,#1258,#1259,#1260,#1261,#1262,#1263,#1264,
#1265,#1266,#1267,#1268,#1269,#1270,#1271,#1272,#1273,#1274,#1275,#1276,
#1277,#1278,#1279,#1280),.UNSPECIFIED.,.F.,.F.)
B_SPLINE_CURVE_WITH_KNOTS((3,2,2,2,2,2,2,2,2,2,2,2,2,2,2,2,2,2,2,2,2,2,
2,2,2,2,2,2,2,2,3),(0.,0.0333333333333333,0.0666666666666667,0.1,0.133333333333333,
0.166666666666667,0.2,0.233333333333334,0.266666666666666,0.3,0.333333333333334,
0.366666666666666,0.4,0.433333333333334,0.466666666666667,0.5,0.533333333333333,
0.566666666666667,0.6,0.633333333333333,0.666666666666667,0.7,0.733333333333333,
0.766666666666667,0.8,0.833333333333333,0.866666666666667,0.9,0.933333333333333,
0.966666666666667,1.),.UNSPECIFIED.)
CURVE()
GEOMETRIC_REPRESENTATION_ITEM()
RATIONAL_B_SPLINE_CURVE((1.,0.866025403784439,1.,0.866025403784439,1.,0.866025403784439,
1.,0.866025403784439,1.,0.866025403784439,1.,0.866025403784439,1.,0.866025403784439,
1.,0.866025403784439,1.,0.866025403784439,1.,0.866025403784439,1.,0.866025403784439,
1.,0.866025403784439,1.,0.866025403784439,1.,0.866025403784439,1.,0.866025403784439,
1.,0.866025403784439,1.,0.866025403784439,1.,0.866025403784439,1.,0.866025403784439,
1.,0.866025403784439,1.,0.866025403784439,1.,0.866025403784439,1.,0.866025403784439,
1.,0.866025403784439,1.,0.866025403784439,1.,0.866025403784439,1.,0.866025403784439,
1.,0.866025403784439,1.,0.866025403784439,1.,0.866025403784439,1.))
REPRESENTATION_ITEM('')
);
#31=(
BOUNDED_CURVE()
B_SPLINE_CURVE(2,(#1367,#1368,#1369,#1370,#1371,#1372,#1373,#1374,#1375,
#1376,#1377,#1378,#1379,#1380,#1381,#1382,#1383,#1384,#1385,#1386,#1387,
#1388,#1389,#1390,#1391,#1392,#1393,#1394,#1395,#1396,#1397,#1398,#1399,
#1400,#1401,#1402,#1403,#1404,#1405,#1406,#1407,#1408,#1409,#1410,#1411,
#1412,#1413,#1414,#1415,#1416,#1417,#1418,#1419,#1420,#1421,#1422,#1423,
#1424,#1425,#1426,#1427),.UNSPECIFIED.,.F.,.F.)
B_SPLINE_CURVE_WITH_KNOTS((3,2,2,2,2,2,2,2,2,2,2,2,2,2,2,2,2,2,2,2,2,2,
2,2,2,2,2,2,2,2,3),(0.,0.0333333333333333,0.0666666666666667,0.1,0.133333333333333,
0.166666666666667,0.2,0.233333333333334,0.266666666666666,0.3,0.333333333333334,
0.366666666666666,0.4,0.433333333333334,0.466666666666667,0.5,0.533333333333333,
0.566666666666667,0.6,0.633333333333333,0.666666666666667,0.7,0.733333333333333,
0.766666666666667,0.8,0.833333333333333,0.866666666666667,0.9,0.933333333333333,
0.966666666666667,1.),.UNSPECIFIED.)
CURVE()
GEOMETRIC_REPRESENTATION_ITEM()
RATIONAL_B_SPLINE_CURVE((1.,0.866025403784439,1.,0.866025403784439,1.,0.866025403784439,
1.,0.866025403784439,1.,0.866025403784439,1.,0.866025403784439,1.,0.866025403784439,
1.,0.866025403784439,1.,0.866025403784439,1.,0.866025403784439,1.,0.866025403784439,
1.,0.866025403784439,1.,0.866025403784439,1.,0.866025403784439,1.,0.866025403784439,
1.,0.866025403784439,1.,0.866025403784439,1.,0.866025403784439,1.,0.866025403784439,
1.,0.866025403784439,1.,0.866025403784439,1.,0.866025403784439,1.,0.866025403784439,
1.,0.866025403784439,1.,0.866025403784439,1.,0.866025403784439,1.,0.866025403784439,
1.,0.866025403784439,1.,0.866025403784439,1.,0.866025403784439,1.))
REPRESENTATION_ITEM('')
);
#32=(
BOUNDED_CURVE()
B_SPLINE_CURVE(2,(#2089,#2090,#2091,#2092,#2093,#2094,#2095,#2096,#2097,
#2098,#2099,#2100,#2101,#2102,#2103,#2104,#2105,#2106,#2107,#2108,#2109,
#2110,#2111,#2112,#2113,#2114,#2115,#2116,#2117,#2118,#2119,#2120,#2121,
#2122,#2123,#2124,#2125,#2126,#2127,#2128,#2129,#2130,#2131,#2132,#2133,
#2134,#2135,#2136,#2137,#2138,#2139,#2140,#2141,#2142,#2143,#2144,#2145,
#2146,#2147,#2148,#2149),.UNSPECIFIED.,.F.,.F.)
B_SPLINE_CURVE_WITH_KNOTS((3,2,2,2,2,2,2,2,2,2,2,2,2,2,2,2,2,2,2,2,2,2,
2,2,2,2,2,2,2,2,3),(0.,0.0333333333333333,0.0666666666666667,0.1,0.133333333333333,
0.166666666666667,0.2,0.233333333333334,0.266666666666666,0.3,0.333333333333334,
0.366666666666666,0.4,0.433333333333334,0.466666666666667,0.5,0.533333333333333,
0.566666666666667,0.6,0.633333333333333,0.666666666666667,0.7,0.733333333333333,
0.766666666666667,0.8,0.833333333333333,0.866666666666667,0.9,0.933333333333333,
0.966666666666667,1.),.UNSPECIFIED.)
CURVE()
GEOMETRIC_REPRESENTATION_ITEM()
RATIONAL_B_SPLINE_CURVE((1.,0.866025403784439,1.,0.866025403784439,1.,0.866025403784439,
1.,0.866025403784439,1.,0.866025403784439,1.,0.866025403784439,1.,0.866025403784439,
1.,0.866025403784439,1.,0.866025403784439,1.,0.866025403784439,1.,0.866025403784439,
1.,0.866025403784439,1.,0.866025403784439,1.,0.866025403784439,1.,0.866025403784439,
1.,0.866025403784439,1.,0.866025403784439,1.,0.866025403784439,1.,0.866025403784439,
1.,0.866025403784439,1.,0.866025403784439,1.,0.866025403784439,1.,0.866025403784439,
1.,0.866025403784439,1.,0.866025403784439,1.,0.866025403784439,1.,0.866025403784439,
1.,0.866025403784439,1.,0.866025403784439,1.,0.866025403784439,1.))
REPRESENTATION_ITEM('')
);
#33=(
BOUNDED_CURVE()
B_SPLINE_CURVE(2,(#2236,#2237,#2238,#2239,#2240,#2241,#2242,#2243,#2244,
#2245,#2246,#2247,#2248,#2249,#2250,#2251,#2252,#2253,#2254,#2255,#2256,
#2257,#2258,#2259,#2260,#2261,#2262,#2263,#2264,#2265,#2266,#2267,#2268,
#2269,#2270,#2271,#2272,#2273,#2274,#2275,#2276,#2277,#2278,#2279,#2280,
#2281,#2282,#2283,#2284,#2285,#2286,#2287,#2288,#2289,#2290,#2291,#2292,
#2293,#2294,#2295,#2296),.UNSPECIFIED.,.F.,.F.)
B_SPLINE_CURVE_WITH_KNOTS((3,2,2,2,2,2,2,2,2,2,2,2,2,2,2,2,2,2,2,2,2,2,
2,2,2,2,2,2,2,2,3),(0.,0.0333333333333333,0.0666666666666667,0.1,0.133333333333333,
0.166666666666667,0.2,0.233333333333334,0.266666666666666,0.3,0.333333333333334,
0.366666666666666,0.4,0.433333333333334,0.466666666666667,0.5,0.533333333333333,
0.566666666666667,0.6,0.633333333333333,0.666666666666667,0.7,0.733333333333333,
0.766666666666667,0.8,0.833333333333333,0.866666666666667,0.9,0.933333333333333,
0.966666666666667,1.),.UNSPECIFIED.)
CURVE()
GEOMETRIC_REPRESENTATION_ITEM()
RATIONAL_B_SPLINE_CURVE((1.,0.866025403784439,1.,0.866025403784439,1.,0.866025403784439,
1.,0.866025403784439,1.,0.866025403784439,1.,0.866025403784439,1.,0.866025403784439,
1.,0.866025403784439,1.,0.866025403784439,1.,0.866025403784439,1.,0.866025403784439,
1.,0.866025403784439,1.,0.866025403784439,1.,0.866025403784439,1.,0.866025403784439,
1.,0.866025403784439,1.,0.866025403784439,1.,0.866025403784439,1.,0.866025403784439,
1.,0.866025403784439,1.,0.866025403784439,1.,0.866025403784439,1.,0.866025403784439,
1.,0.866025403784439,1.,0.866025403784439,1.,0.866025403784439,1.,0.866025403784439,
1.,0.866025403784439,1.,0.866025403784439,1.,0.866025403784439,1.))
REPRESENTATION_ITEM('')
);
#34=B_SPLINE_CURVE_WITH_KNOTS('',3,(#545,#546,#547,#548,#549,#550,#551,
#552,#553,#554,#555),.UNSPECIFIED.,.F.,.F.,(4,1,1,1,1,1,1,1,4),(0.,0.00293457997046192,
0.00586915994092383,0.00880373991138575,0.0117383198818477,0.0146728998523096,
0.0176074798227715,0.0205420597932334,0.0234766397636953),.UNSPECIFIED.);
#35=B_SPLINE_CURVE_WITH_KNOTS('',3,(#684,#685,#686,#687,#688,#689,#690,
#691,#692,#693,#694),.UNSPECIFIED.,.F.,.F.,(4,1,1,1,1,1,1,1,4),(0.,0.00293172230036714,
0.00586344460073427,0.00879516690110141,0.0117268892014685,0.0146586115018357,
0.0175903338022028,0.0205220561025699,0.0234537784029371),.UNSPECIFIED.);
#36=B_SPLINE_CURVE_WITH_KNOTS('',3,(#698,#699,#700,#701,#702,#703,#704),
 .UNSPECIFIED.,.F.,.F.,(4,1,1,1,4),(0.0114266864233201,0.01314267533289,
0.0148586642424598,0.0165746531520297,0.0182906420615995),.UNSPECIFIED.);
#37=B_SPLINE_CURVE_WITH_KNOTS('',3,(#706,#707,#708,#709,#710),
 .UNSPECIFIED.,.F.,.F.,(4,1,4),(0.01309381089735,0.0155923475730399,0.0180908842487297),
 .UNSPECIFIED.);
#38=B_SPLINE_CURVE_WITH_KNOTS('',3,(#712,#713,#714,#715,#716,#717),
 .UNSPECIFIED.,.F.,.F.,(4,1,1,4),(0.0108814491155471,0.0142798481029595,
0.0159790475966657,0.0176782470903719),.UNSPECIFIED.);
#39=B_SPLINE_CURVE_WITH_KNOTS('',3,(#719,#720,#721,#722,#723,#724,#725,
#726,#727,#728,#729),.UNSPECIFIED.,.F.,.F.,(4,1,1,1,1,1,1,1,4),(1.73472347597681E-18,
0.00293457997051637,0.00586915994103273,0.00880373991154909,0.0117383198820655,
0.0146728998525818,0.0176074798230982,0.0205420597936146,0.0234766397641309),
 .UNSPECIFIED.);
#40=B_SPLINE_CURVE_WITH_KNOTS('',3,(#858,#859,#860,#861,#862,#863,#864,
#865,#866,#867,#868),.UNSPECIFIED.,.F.,.F.,(4,1,1,1,1,1,1,1,4),(0.,0.00293172230032678,
0.00586344460065356,0.00879516690098035,0.0117268892013071,0.0146586115016339,
0.0175903338019607,0.0205220561022875,0.0234537784026143),.UNSPECIFIED.);
#41=B_SPLINE_CURVE_WITH_KNOTS('',3,(#872,#873,#874,#875,#876,#877,#878),
 .UNSPECIFIED.,.F.,.F.,(4,1,1,1,4),(0.0114266864233201,0.01314267533289,
0.0148586642424598,0.0165746531520297,0.0182906420615996),.UNSPECIFIED.);
#42=B_SPLINE_CURVE_WITH_KNOTS('',3,(#880,#881,#882,#883,#884),
 .UNSPECIFIED.,.F.,.F.,(4,1,4),(0.0130938108973489,0.0155923475730387,0.0180908842487285),
 .UNSPECIFIED.);
#43=B_SPLINE_CURVE_WITH_KNOTS('',3,(#886,#887,#888,#889,#890,#891),
 .UNSPECIFIED.,.F.,.F.,(4,1,1,4),(0.0108814491155472,0.0142798481029596,
0.0159790475966658,0.017678247090372),.UNSPECIFIED.);
#44=B_SPLINE_CURVE_WITH_KNOTS('',3,(#970,#971,#972,#973,#974,#975,#976,
#977,#978,#979,#980,#981,#982,#983,#984,#985,#986,#987,#988,#989,#990,#991,
#992,#993,#994,#995,#996,#997,#998,#999,#1000,#1001,#1002,#1003,#1004,#1005),
 .UNSPECIFIED.,.F.,.F.,(4,2,2,2,2,2,2,2,2,2,2,2,2,2,2,2,2,4),(0.,0.0156250000000003,
0.0781250000000016,0.140625000000002,0.203125000000002,0.265625,0.328125,
0.390625,0.453125,0.515625,0.578125,0.640625,0.703125,0.765625,0.828125,
0.890625,0.953125,1.),.UNSPECIFIED.);
#45=B_SPLINE_CURVE_WITH_KNOTS('',3,(#1082,#1083,#1084,#1085,#1086,#1087,
#1088,#1089,#1090,#1091,#1092,#1093,#1094,#1095,#1096,#1097,#1098,#1099,
#1100,#1101,#1102,#1103,#1104,#1105,#1106,#1107,#1108,#1109,#1110,#1111,
#1112,#1113,#1114,#1115,#1116,#1117),.UNSPECIFIED.,.F.,.F.,(4,2,2,2,2,2,
2,2,2,2,2,2,2,2,2,2,2,4),(0.,0.0156250000000003,0.0781250000000016,0.140625000000002,
0.203125000000002,0.265625,0.328125,0.390625,0.453125,0.515625,0.578125,
0.640625,0.703125,0.765625,0.828125,0.890625,0.953125,1.),.UNSPECIFIED.);
#46=B_SPLINE_CURVE_WITH_KNOTS('',3,(#1839,#1840,#1841,#1842,#1843,#1844,
#1845,#1846,#1847,#1848,#1849,#1850,#1851,#1852,#1853,#1854,#1855,#1856,
#1857,#1858,#1859,#1860,#1861,#1862,#1863,#1864,#1865,#1866,#1867,#1868,
#1869,#1870,#1871,#1872,#1873,#1874),.UNSPECIFIED.,.F.,.F.,(4,2,2,2,2,2,
2,2,2,2,2,2,2,2,2,2,2,4),(0.,0.0156250000000004,0.0781250000000016,0.140625000000002,
0.203125,0.265625,0.328125,0.390625,0.453125,0.515625,0.578125,0.640625,
0.703125,0.765625,0.828125,0.890625,0.953125,1.),.UNSPECIFIED.);
#47=B_SPLINE_CURVE_WITH_KNOTS('',3,(#1951,#1952,#1953,#1954,#1955,#1956,
#1957,#1958,#1959,#1960,#1961,#1962,#1963,#1964,#1965,#1966,#1967,#1968,
#1969,#1970,#1971,#1972,#1973,#1974,#1975,#1976,#1977,#1978,#1979,#1980,
#1981,#1982,#1983,#1984,#1985,#1986),.UNSPECIFIED.,.F.,.F.,(4,2,2,2,2,2,
2,2,2,2,2,2,2,2,2,2,2,4),(0.,0.0156250000000004,0.0781250000000016,0.140625000000002,
0.203125,0.265625,0.328125,0.390625,0.453125,0.515625,0.578125,0.640625,
0.703125,0.765625,0.828125,0.890625,0.953125,1.),.UNSPECIFIED.);
#48=CYLINDRICAL_SURFACE('',#420,0.00375);
#49=CYLINDRICAL_SURFACE('',#424,0.00375);
#50=CYLINDRICAL_SURFACE('',#434,0.0135);
#51=CYLINDRICAL_SURFACE('',#435,0.01225);
#52=CIRCLE('',#410,0.0135);
#53=CIRCLE('',#411,0.01225);
#54=CIRCLE('',#414,0.0135);
#55=CIRCLE('',#415,0.01225);
#56=CIRCLE('',#418,0.00375);
#57=CIRCLE('',#419,0.00375);
#58=CIRCLE('',#421,0.00375);
#59=CIRCLE('',#425,0.00375);
#60=CIRCLE('',#429,0.000171400861678147);
#61=CIRCLE('',#430,0.000171400861678147);
#62=CIRCLE('',#432,0.000171400861678147);
#63=CIRCLE('',#433,0.000171400861678147);
#64=ORIENTED_EDGE('',*,*,#172,.T.);
#65=ORIENTED_EDGE('',*,*,#173,.F.);
#66=ORIENTED_EDGE('',*,*,#174,.F.);
#67=ORIENTED_EDGE('',*,*,#175,.T.);
#68=ORIENTED_EDGE('',*,*,#176,.T.);
#69=ORIENTED_EDGE('',*,*,#174,.T.);
#70=ORIENTED_EDGE('',*,*,#177,.T.);
#71=ORIENTED_EDGE('',*,*,#178,.F.);
#72=ORIENTED_EDGE('',*,*,#179,.F.);
#73=ORIENTED_EDGE('',*,*,#178,.T.);
#74=ORIENTED_EDGE('',*,*,#180,.T.);
#75=ORIENTED_EDGE('',*,*,#181,.F.);
#76=ORIENTED_EDGE('',*,*,#182,.F.);
#77=ORIENTED_EDGE('',*,*,#183,.F.);
#78=ORIENTED_EDGE('',*,*,#181,.T.);
#79=ORIENTED_EDGE('',*,*,#184,.F.);
#80=ORIENTED_EDGE('',*,*,#172,.F.);
#81=ORIENTED_EDGE('',*,*,#185,.T.);
#82=ORIENTED_EDGE('',*,*,#186,.F.);
#83=ORIENTED_EDGE('',*,*,#187,.F.);
#84=ORIENTED_EDGE('',*,*,#175,.F.);
#85=ORIENTED_EDGE('',*,*,#179,.T.);
#86=ORIENTED_EDGE('',*,*,#182,.T.);
#87=ORIENTED_EDGE('',*,*,#185,.F.);
#88=ORIENTED_EDGE('',*,*,#188,.T.);
#89=ORIENTED_EDGE('',*,*,#189,.T.);
#90=ORIENTED_EDGE('',*,*,#190,.F.);
#91=ORIENTED_EDGE('',*,*,#191,.F.);
#92=ORIENTED_EDGE('',*,*,#192,.T.);
#93=ORIENTED_EDGE('',*,*,#193,.T.);
#94=ORIENTED_EDGE('',*,*,#187,.T.);
#95=ORIENTED_EDGE('',*,*,#194,.F.);
#96=ORIENTED_EDGE('',*,*,#195,.F.);
#97=ORIENTED_EDGE('',*,*,#196,.F.);
#98=ORIENTED_EDGE('',*,*,#190,.T.);
#99=ORIENTED_EDGE('',*,*,#197,.T.);
#100=ORIENTED_EDGE('',*,*,#198,.T.);
#101=ORIENTED_EDGE('',*,*,#199,.F.);
#102=ORIENTED_EDGE('',*,*,#200,.F.);
#103=ORIENTED_EDGE('',*,*,#201,.T.);
#104=ORIENTED_EDGE('',*,*,#202,.T.);
#105=ORIENTED_EDGE('',*,*,#186,.T.);
#106=ORIENTED_EDGE('',*,*,#203,.F.);
#107=ORIENTED_EDGE('',*,*,#204,.F.);
#108=ORIENTED_EDGE('',*,*,#205,.F.);
#109=ORIENTED_EDGE('',*,*,#199,.T.);
#110=ORIENTED_EDGE('',*,*,#206,.F.);
#111=ORIENTED_EDGE('',*,*,#207,.F.);
#112=ORIENTED_EDGE('',*,*,#208,.F.);
#113=ORIENTED_EDGE('',*,*,#202,.F.);
#114=ORIENTED_EDGE('',*,*,#208,.T.);
#115=ORIENTED_EDGE('',*,*,#209,.F.);
#116=ORIENTED_EDGE('',*,*,#210,.T.);
#117=ORIENTED_EDGE('',*,*,#197,.F.);
#118=ORIENTED_EDGE('',*,*,#211,.T.);
#119=ORIENTED_EDGE('',*,*,#212,.T.);
#120=ORIENTED_EDGE('',*,*,#206,.T.);
#121=ORIENTED_EDGE('',*,*,#201,.F.);
#122=ORIENTED_EDGE('',*,*,#205,.T.);
#123=ORIENTED_EDGE('',*,*,#213,.F.);
#124=ORIENTED_EDGE('',*,*,#211,.F.);
#125=ORIENTED_EDGE('',*,*,#200,.T.);
#126=ORIENTED_EDGE('',*,*,#203,.T.);
#127=ORIENTED_EDGE('',*,*,#198,.F.);
#128=ORIENTED_EDGE('',*,*,#210,.F.);
#129=ORIENTED_EDGE('',*,*,#214,.T.);
#130=ORIENTED_EDGE('',*,*,#204,.T.);
#131=ORIENTED_EDGE('',*,*,#214,.F.);
#132=ORIENTED_EDGE('',*,*,#215,.F.);
#133=ORIENTED_EDGE('',*,*,#213,.T.);
#134=ORIENTED_EDGE('',*,*,#212,.F.);
#135=ORIENTED_EDGE('',*,*,#215,.T.);
#136=ORIENTED_EDGE('',*,*,#209,.T.);
#137=ORIENTED_EDGE('',*,*,#207,.T.);
#138=ORIENTED_EDGE('',*,*,#216,.F.);
#139=ORIENTED_EDGE('',*,*,#217,.F.);
#140=ORIENTED_EDGE('',*,*,#218,.F.);
#141=ORIENTED_EDGE('',*,*,#193,.F.);
#142=ORIENTED_EDGE('',*,*,#218,.T.);
#143=ORIENTED_EDGE('',*,*,#219,.F.);
#144=ORIENTED_EDGE('',*,*,#220,.T.);
#145=ORIENTED_EDGE('',*,*,#188,.F.);
#146=ORIENTED_EDGE('',*,*,#221,.T.);
#147=ORIENTED_EDGE('',*,*,#222,.T.);
#148=ORIENTED_EDGE('',*,*,#216,.T.);
#149=ORIENTED_EDGE('',*,*,#192,.F.);
#150=ORIENTED_EDGE('',*,*,#196,.T.);
#151=ORIENTED_EDGE('',*,*,#223,.F.);
#152=ORIENTED_EDGE('',*,*,#221,.F.);
#153=ORIENTED_EDGE('',*,*,#191,.T.);
#154=ORIENTED_EDGE('',*,*,#194,.T.);
#155=ORIENTED_EDGE('',*,*,#189,.F.);
#156=ORIENTED_EDGE('',*,*,#220,.F.);
#157=ORIENTED_EDGE('',*,*,#224,.T.);
#158=ORIENTED_EDGE('',*,*,#195,.T.);
#159=ORIENTED_EDGE('',*,*,#224,.F.);
#160=ORIENTED_EDGE('',*,*,#225,.F.);
#161=ORIENTED_EDGE('',*,*,#223,.T.);
#162=ORIENTED_EDGE('',*,*,#222,.F.);
#163=ORIENTED_EDGE('',*,*,#225,.T.);
#164=ORIENTED_EDGE('',*,*,#219,.T.);
#165=ORIENTED_EDGE('',*,*,#217,.T.);
#166=ORIENTED_EDGE('',*,*,#180,.F.);
#167=ORIENTED_EDGE('',*,*,#177,.F.);
#168=ORIENTED_EDGE('',*,*,#173,.T.);
#169=ORIENTED_EDGE('',*,*,#184,.T.);
#170=ORIENTED_EDGE('',*,*,#176,.F.);
#171=ORIENTED_EDGE('',*,*,#183,.T.);
#172=EDGE_CURVE('',#226,#227,#262,.T.);
#173=EDGE_CURVE('',#228,#227,#52,.T.);
#174=EDGE_CURVE('',#229,#228,#263,.T.);
#175=EDGE_CURVE('',#229,#226,#264,.T.);
#176=EDGE_CURVE('',#230,#230,#53,.T.);
#177=EDGE_CURVE('',#228,#231,#265,.T.);
#178=EDGE_CURVE('',#232,#231,#266,.T.);
#179=EDGE_CURVE('',#229,#232,#267,.T.);
#180=EDGE_CURVE('',#231,#233,#54,.T.);
#181=EDGE_CURVE('',#234,#233,#268,.T.);
#182=EDGE_CURVE('',#232,#234,#269,.T.);
#183=EDGE_CURVE('',#235,#235,#55,.T.);
#184=EDGE_CURVE('',#227,#233,#270,.T.);
#185=EDGE_CURVE('',#226,#234,#271,.T.);
#186=EDGE_CURVE('',#236,#236,#56,.T.);
#187=EDGE_CURVE('',#237,#237,#57,.T.);
#188=EDGE_CURVE('',#238,#239,#34,.T.);
#189=EDGE_CURVE('',#239,#240,#26,.T.);
#190=EDGE_CURVE('',#241,#240,#58,.T.);
#191=EDGE_CURVE('',#242,#241,#27,.T.);
#192=EDGE_CURVE('',#242,#243,#35,.T.);
#193=EDGE_CURVE('',#243,#238,#24,.T.);
#194=EDGE_CURVE('',#244,#240,#36,.T.);
#195=EDGE_CURVE('',#245,#244,#37,.T.);
#196=EDGE_CURVE('',#241,#245,#38,.T.);
#197=EDGE_CURVE('',#246,#247,#39,.T.);
#198=EDGE_CURVE('',#247,#248,#28,.T.);
#199=EDGE_CURVE('',#249,#248,#59,.T.);
#200=EDGE_CURVE('',#250,#249,#29,.T.);
#201=EDGE_CURVE('',#250,#251,#40,.T.);
#202=EDGE_CURVE('',#251,#246,#25,.T.);
#203=EDGE_CURVE('',#252,#248,#41,.T.);
#204=EDGE_CURVE('',#253,#252,#42,.T.);
#205=EDGE_CURVE('',#249,#253,#43,.T.);
#206=EDGE_CURVE('',#254,#251,#272,.F.);
#207=EDGE_CURVE('',#255,#254,#60,.T.);
#208=EDGE_CURVE('',#246,#255,#273,.F.);
#209=EDGE_CURVE('',#256,#255,#44,.T.);
#210=EDGE_CURVE('',#256,#247,#274,.T.);
#211=EDGE_CURVE('',#250,#257,#275,.T.);
#212=EDGE_CURVE('',#257,#254,#45,.T.);
#213=EDGE_CURVE('',#257,#253,#30,.T.);
#214=EDGE_CURVE('',#256,#252,#31,.T.);
#215=EDGE_CURVE('',#257,#256,#61,.F.);
#216=EDGE_CURVE('',#258,#243,#276,.F.);
#217=EDGE_CURVE('',#259,#258,#62,.T.);
#218=EDGE_CURVE('',#238,#259,#277,.F.);
#219=EDGE_CURVE('',#260,#259,#46,.T.);
#220=EDGE_CURVE('',#260,#239,#278,.T.);
#221=EDGE_CURVE('',#242,#261,#279,.T.);
#222=EDGE_CURVE('',#261,#258,#47,.T.);
#223=EDGE_CURVE('',#261,#245,#32,.T.);
#224=EDGE_CURVE('',#260,#244,#33,.T.);
#225=EDGE_CURVE('',#261,#260,#63,.F.);
#226=VERTEX_POINT('',#513);
#227=VERTEX_POINT('',#514);
#228=VERTEX_POINT('',#516);
#229=VERTEX_POINT('',#518);
#230=VERTEX_POINT('',#521);
#231=VERTEX_POINT('',#524);
#232=VERTEX_POINT('',#526);
#233=VERTEX_POINT('',#530);
#234=VERTEX_POINT('',#532);
#235=VERTEX_POINT('',#535);
#236=VERTEX_POINT('',#541);
#237=VERTEX_POINT('',#543);
#238=VERTEX_POINT('',#556);
#239=VERTEX_POINT('',#557);
#240=VERTEX_POINT('',#619);
#241=VERTEX_POINT('',#621);
#242=VERTEX_POINT('',#683);
#243=VERTEX_POINT('',#695);
#244=VERTEX_POINT('',#705);
#245=VERTEX_POINT('',#711);
#246=VERTEX_POINT('',#730);
#247=VERTEX_POINT('',#731);
#248=VERTEX_POINT('',#793);
#249=VERTEX_POINT('',#795);
#250=VERTEX_POINT('',#857);
#251=VERTEX_POINT('',#869);
#252=VERTEX_POINT('',#879);
#253=VERTEX_POINT('',#885);
#254=VERTEX_POINT('',#894);
#255=VERTEX_POINT('',#896);
#256=VERTEX_POINT('',#1006);
#257=VERTEX_POINT('',#1081);
#258=VERTEX_POINT('',#1763);
#259=VERTEX_POINT('',#1765);
#260=VERTEX_POINT('',#1875);
#261=VERTEX_POINT('',#1950);
#262=LINE('',#512,#280);
#263=LINE('',#517,#281);
#264=LINE('',#519,#282);
#265=LINE('',#523,#283);
#266=LINE('',#525,#284);
#267=LINE('',#527,#285);
#268=LINE('',#531,#286);
#269=LINE('',#533,#287);
#270=LINE('',#537,#288);
#271=LINE('',#538,#289);
#272=LINE('',#893,#290);
#273=LINE('',#897,#291);
#274=LINE('',#1007,#292);
#275=LINE('',#1080,#293);
#276=LINE('',#1762,#294);
#277=LINE('',#1766,#295);
#278=LINE('',#1876,#296);
#279=LINE('',#1949,#297);
#280=VECTOR('',#440,1.);
#281=VECTOR('',#443,1.);
#282=VECTOR('',#444,1.);
#283=VECTOR('',#449,1.);
#284=VECTOR('',#450,1.);
#285=VECTOR('',#451,1.);
#286=VECTOR('',#456,1.);
#287=VECTOR('',#457,1.);
#288=VECTOR('',#462,1.);
#289=VECTOR('',#463,1.);
#290=VECTOR('',#488,1.);
#291=VECTOR('',#491,1.);
#292=VECTOR('',#492,1.);
#293=VECTOR('',#493,1.);
#294=VECTOR('',#498,1.);
#295=VECTOR('',#501,1.);
#296=VECTOR('',#502,1.);
#297=VECTOR('',#503,1.);
#298=EDGE_LOOP('',(#64,#65,#66,#67));
#299=EDGE_LOOP('',(#68));
#300=EDGE_LOOP('',(#69,#70,#71,#72));
#301=EDGE_LOOP('',(#73,#74,#75,#76));
#302=EDGE_LOOP('',(#77));
#303=EDGE_LOOP('',(#78,#79,#80,#81));
#304=EDGE_LOOP('',(#82));
#305=EDGE_LOOP('',(#83));
#306=EDGE_LOOP('',(#84,#85,#86,#87));
#307=EDGE_LOOP('',(#88,#89,#90,#91,#92,#93));
#308=EDGE_LOOP('',(#94));
#309=EDGE_LOOP('',(#95,#96,#97,#98));
#310=EDGE_LOOP('',(#99,#100,#101,#102,#103,#104));
#311=EDGE_LOOP('',(#105));
#312=EDGE_LOOP('',(#106,#107,#108,#109));
#313=EDGE_LOOP('',(#110,#111,#112,#113));
#314=EDGE_LOOP('',(#114,#115,#116,#117));
#315=EDGE_LOOP('',(#118,#119,#120,#121));
#316=EDGE_LOOP('',(#122,#123,#124,#125));
#317=EDGE_LOOP('',(#126,#127,#128,#129));
#318=EDGE_LOOP('',(#130,#131,#132,#133));
#319=EDGE_LOOP('',(#134,#135,#136,#137));
#320=EDGE_LOOP('',(#138,#139,#140,#141));
#321=EDGE_LOOP('',(#142,#143,#144,#145));
#322=EDGE_LOOP('',(#146,#147,#148,#149));
#323=EDGE_LOOP('',(#150,#151,#152,#153));
#324=EDGE_LOOP('',(#154,#155,#156,#157));
#325=EDGE_LOOP('',(#158,#159,#160,#161));
#326=EDGE_LOOP('',(#162,#163,#164,#165));
#327=EDGE_LOOP('',(#166,#167,#168,#169));
#328=EDGE_LOOP('',(#170));
#329=EDGE_LOOP('',(#171));
#330=FACE_BOUND('',#298,.T.);
#331=FACE_BOUND('',#299,.T.);
#332=FACE_BOUND('',#300,.T.);
#333=FACE_BOUND('',#301,.T.);
#334=FACE_BOUND('',#302,.T.);
#335=FACE_BOUND('',#303,.T.);
#336=FACE_BOUND('',#304,.T.);
#337=FACE_BOUND('',#305,.T.);
#338=FACE_BOUND('',#306,.T.);
#339=FACE_BOUND('',#307,.T.);
#340=FACE_BOUND('',#308,.T.);
#341=FACE_BOUND('',#309,.T.);
#342=FACE_BOUND('',#310,.T.);
#343=FACE_BOUND('',#311,.T.);
#344=FACE_BOUND('',#312,.T.);
#345=FACE_BOUND('',#313,.T.);
#346=FACE_BOUND('',#314,.T.);
#347=FACE_BOUND('',#315,.T.);
#348=FACE_BOUND('',#316,.T.);
#349=FACE_BOUND('',#317,.T.);
#350=FACE_BOUND('',#318,.T.);
#351=FACE_BOUND('',#319,.T.);
#352=FACE_BOUND('',#320,.T.);
#353=FACE_BOUND('',#321,.T.);
#354=FACE_BOUND('',#322,.T.);
#355=FACE_BOUND('',#323,.T.);
#356=FACE_BOUND('',#324,.T.);
#357=FACE_BOUND('',#325,.T.);
#358=FACE_BOUND('',#326,.T.);
#359=FACE_BOUND('',#327,.T.);
#360=FACE_BOUND('',#328,.T.);
#361=FACE_BOUND('',#329,.T.);
#362=PLANE('',#409);
#363=PLANE('',#412);
#364=PLANE('',#413);
#365=PLANE('',#416);
#366=PLANE('',#417);
#367=PLANE('',#423);
#368=PLANE('',#427);
#369=PLANE('',#428);
#370=PLANE('',#431);
#371=ADVANCED_FACE('',(#330,#331),#362,.T.);
#372=ADVANCED_FACE('',(#332),#363,.F.);
#373=ADVANCED_FACE('',(#333,#334),#364,.F.);
#374=ADVANCED_FACE('',(#335),#365,.T.);
#375=ADVANCED_FACE('',(#336,#337,#338),#366,.T.);
#376=ADVANCED_FACE('',(#339,#340),#48,.T.);
#377=ADVANCED_FACE('',(#341),#367,.T.);
#378=ADVANCED_FACE('',(#342,#343),#49,.T.);
#379=ADVANCED_FACE('',(#344),#368,.T.);
#380=ADVANCED_FACE('',(#345),#369,.F.);
#381=ADVANCED_FACE('',(#346),#20,.F.);
#382=ADVANCED_FACE('',(#347),#21,.F.);
#383=ADVANCED_FACE('',(#348),#12,.F.);
#384=ADVANCED_FACE('',(#349),#13,.F.);
#385=ADVANCED_FACE('',(#350),#14,.F.);
#386=ADVANCED_FACE('',(#351),#15,.F.);
#387=ADVANCED_FACE('',(#352),#370,.F.);
#388=ADVANCED_FACE('',(#353),#22,.F.);
#389=ADVANCED_FACE('',(#354),#23,.F.);
#390=ADVANCED_FACE('',(#355),#16,.F.);
#391=ADVANCED_FACE('',(#356),#17,.F.);
#392=ADVANCED_FACE('',(#357),#18,.F.);
#393=ADVANCED_FACE('',(#358),#19,.F.);
#394=ADVANCED_FACE('',(#359),#50,.T.);
#395=ADVANCED_FACE('',(#360,#361),#51,.F.);
#396=CLOSED_SHELL('',(#371,#372,#373,#374,#375,#376,#377,#378,#379,#380,
#381,#382,#383,#384,#385,#386,#387,#388,#389,#390,#391,#392,#393,#394,#395));
#397=STYLED_ITEM('',(#398),#405);
#398=PRESENTATION_STYLE_ASSIGNMENT((#399));
#399=SURFACE_STYLE_USAGE(.BOTH.,#400);
#400=SURFACE_SIDE_STYLE('',(#401));
#401=SURFACE_STYLE_FILL_AREA(#402);
#402=FILL_AREA_STYLE('',(#403));
#403=FILL_AREA_STYLE_COLOUR('',#404);
#404=COLOUR_RGB('',0.615686274509804,0.811764705882353,0.929411764705882);
#405=MANIFOLD_SOLID_BREP('Part 1',#396);
#406=SHAPE_DEFINITION_REPRESENTATION(#2638,#407);
#407=SHAPE_REPRESENTATION('Part 1',(#408),#2633);
#408=AXIS2_PLACEMENT_3D('',#510,#436,#437);
#409=AXIS2_PLACEMENT_3D('',#511,#438,#439);
#410=AXIS2_PLACEMENT_3D('',#515,#441,#442);
#411=AXIS2_PLACEMENT_3D('',#520,#445,#446);
#412=AXIS2_PLACEMENT_3D('',#522,#447,#448);
#413=AXIS2_PLACEMENT_3D('',#528,#452,#453);
#414=AXIS2_PLACEMENT_3D('',#529,#454,#455);
#415=AXIS2_PLACEMENT_3D('',#534,#458,#459);
#416=AXIS2_PLACEMENT_3D('',#536,#460,#461);
#417=AXIS2_PLACEMENT_3D('',#539,#464,#465);
#418=AXIS2_PLACEMENT_3D('',#540,#466,#467);
#419=AXIS2_PLACEMENT_3D('',#542,#468,#469);
#420=AXIS2_PLACEMENT_3D('',#544,#470,#471);
#421=AXIS2_PLACEMENT_3D('',#620,#472,#473);
#422=AXIS2_PLACEMENT_3D('',#696,#474,#475);
#423=AXIS2_PLACEMENT_3D('',#697,#476,#477);
#424=AXIS2_PLACEMENT_3D('',#718,#478,#479);
#425=AXIS2_PLACEMENT_3D('',#794,#480,#481);
#426=AXIS2_PLACEMENT_3D('',#870,#482,#483);
#427=AXIS2_PLACEMENT_3D('',#871,#484,#485);
#428=AXIS2_PLACEMENT_3D('',#892,#486,#487);
#429=AXIS2_PLACEMENT_3D('',#895,#489,#490);
#430=AXIS2_PLACEMENT_3D('',#1616,#494,#495);
#431=AXIS2_PLACEMENT_3D('',#1761,#496,#497);
#432=AXIS2_PLACEMENT_3D('',#1764,#499,#500);
#433=AXIS2_PLACEMENT_3D('',#2485,#504,#505);
#434=AXIS2_PLACEMENT_3D('',#2630,#506,#507);
#435=AXIS2_PLACEMENT_3D('',#2631,#508,#509);
#436=DIRECTION('',(0.,0.,1.));
#437=DIRECTION('',(1.,0.,0.));
#438=DIRECTION('',(0.,-1.,0.));
#439=DIRECTION('',(0.,0.,-1.));
#440=DIRECTION('',(0.,0.,-1.));
#441=DIRECTION('',(-2.56996070515082E-16,1.,0.));
#442=DIRECTION('',(-1.,-2.56996070515082E-16,0.));
#443=DIRECTION('',(0.,0.,-1.));
#444=DIRECTION('',(-1.,0.,0.));
#445=DIRECTION('',(-2.56996070515082E-16,1.,0.));
#446=DIRECTION('',(-1.,-2.56996070515082E-16,0.));
#447=DIRECTION('',(-1.,0.,0.));
#448=DIRECTION('',(0.,0.,1.));
#449=DIRECTION('',(-2.56996070515082E-16,1.,0.));
#450=DIRECTION('',(0.,0.,-1.));
#451=DIRECTION('',(0.,1.,0.));
#452=DIRECTION('',(2.56996070515082E-16,-1.,0.));
#453=DIRECTION('',(1.,2.56996070515082E-16,0.));
#454=DIRECTION('',(-2.56996070515082E-16,1.,0.));
#455=DIRECTION('',(-1.,-2.56996070515082E-16,0.));
#456=DIRECTION('',(0.,0.,-1.));
#457=DIRECTION('',(-1.,-2.56996070515082E-16,0.));
#458=DIRECTION('',(-2.56996070515082E-16,1.,0.));
#459=DIRECTION('',(-1.,-2.56996070515082E-16,0.));
#460=DIRECTION('',(-1.,0.,0.));
#461=DIRECTION('',(0.,0.,1.));
#462=DIRECTION('',(-2.56996070515082E-16,1.,0.));
#463=DIRECTION('',(0.,1.,0.));
#464=DIRECTION('',(0.,0.,1.));
#465=DIRECTION('',(1.,0.,0.));
#466=DIRECTION('',(0.,0.,1.));
#467=DIRECTION('',(1.,0.,0.));
#468=DIRECTION('',(0.,0.,1.));
#469=DIRECTION('',(1.,0.,0.));
#470=DIRECTION('',(0.,0.,-1.));
#471=DIRECTION('',(-1.,0.,0.));
#472=DIRECTION('',(0.,0.,1.));
#473=DIRECTION('',(1.,0.,0.));
#474=DIRECTION('',(0.00250416874826862,0.99998448012093,0.00497681184636264));
#475=DIRECTION('',(1.24629310376569E-5,0.00497679624150372,-0.999987615595236));
#476=DIRECTION('',(0.,0.,1.));
#477=DIRECTION('',(1.,0.,0.));
#478=DIRECTION('',(0.,0.,-1.));
#479=DIRECTION('',(-1.,0.,0.));
#480=DIRECTION('',(0.,0.,1.));
#481=DIRECTION('',(1.,0.,0.));
#482=DIRECTION('',(0.00250416874822383,0.99998448012093,0.00497681184640502));
#483=DIRECTION('',(1.24629310375401E-5,0.00497679624154609,-0.999987615595236));
#484=DIRECTION('',(0.,0.,1.));
#485=DIRECTION('',(1.,0.,0.));
#486=DIRECTION('',(0.00250416874822383,0.99998448012093,0.00497681184640502));
#487=DIRECTION('',(-0.999996822244502,0.00250268972065746,0.000303389281906172));
#488=DIRECTION('',(0.866168115400566,-0.00465617076630464,0.499731043599677));
#489=DIRECTION('',(0.00250416874822383,0.99998448012093,0.00497681184640502));
#490=DIRECTION('',(0.684420524525409,-0.00534242116799695,0.729067900914876));
#491=DIRECTION('',(-0.865877186242121,-0.000321385019281191,0.500256529249837));
#492=DIRECTION('',(-0.866025402838329,0.,0.50000000163871));
#493=DIRECTION('',(0.866025402838329,0.,0.50000000163871));
#494=DIRECTION('',(0.,1.,0.));
#495=DIRECTION('',(0.684210528639948,0.,0.729284548374805));
#496=DIRECTION('',(0.00250416874826862,0.99998448012093,0.00497681184636264));
#497=DIRECTION('',(-0.999996822244502,0.00250268972070488,0.00030338928137882));
#498=DIRECTION('',(0.866168115400303,-0.00465617076632385,0.499731043600135));
#499=DIRECTION('',(0.00250416874826862,0.99998448012093,0.00497681184636264));
#500=DIRECTION('',(0.684420524525019,-0.00534242116799753,0.729067900915243));
#501=DIRECTION('',(-0.865877186242385,-0.00032138501921827,0.50025652924938));
#502=DIRECTION('',(-0.866025402838329,0.,0.50000000163871));
#503=DIRECTION('',(0.866025402838329,0.,0.50000000163871));
#504=DIRECTION('',(0.,1.,0.));
#505=DIRECTION('',(0.684210528639942,0.,0.72928454837481));
#506=DIRECTION('',(-2.56996070515082E-16,1.,0.));
#507=DIRECTION('',(-1.,-2.56996070515082E-16,0.));
#508=DIRECTION('',(-2.56996070515082E-16,1.,0.));
#509=DIRECTION('',(-1.,-2.56996070515082E-16,0.));
#510=CARTESIAN_POINT('',(0.,0.,0.));
#511=CARTESIAN_POINT('',(-0.0135,0.,0.002));
#512=CARTESIAN_POINT('',(-0.027,-3.46944695195361E-18,0.002));
#513=CARTESIAN_POINT('',(-0.027,-3.46944695195361E-18,0.002));
#514=CARTESIAN_POINT('',(-0.027,-3.46944695195361E-18,-0.013));
#515=CARTESIAN_POINT('',(-0.0135,0.,-0.013));
#516=CARTESIAN_POINT('',(-2.69845874040836E-18,3.46944695195361E-18,-0.013));
#517=CARTESIAN_POINT('',(0.,0.,0.002));
#518=CARTESIAN_POINT('',(0.,0.,0.002));
#519=CARTESIAN_POINT('',(-0.0135,0.,0.002));
#520=CARTESIAN_POINT('',(-0.0135,0.,-0.013));
#521=CARTESIAN_POINT('',(-0.02575,-3.14820186380976E-18,-0.013));
#522=CARTESIAN_POINT('',(0.,0.015,0.002));
#523=CARTESIAN_POINT('',(-2.69845874040836E-18,3.46944695195361E-18,-0.013));
#524=CARTESIAN_POINT('',(-1.04083408558608E-17,0.03,-0.013));
#525=CARTESIAN_POINT('',(-1.04083408558608E-17,0.03,0.002));
#526=CARTESIAN_POINT('',(-1.04083408558608E-17,0.03,0.002));
#527=CARTESIAN_POINT('',(0.,0.015,0.002));
#528=CARTESIAN_POINT('',(-0.0135,0.03,0.002));
#529=CARTESIAN_POINT('',(-0.0135,0.03,-0.013));
#530=CARTESIAN_POINT('',(-0.027,0.03,-0.013));
#531=CARTESIAN_POINT('',(-0.027,0.03,0.002));
#532=CARTESIAN_POINT('',(-0.027,0.03,0.002));
#533=CARTESIAN_POINT('',(-0.0135,0.03,0.002));
#534=CARTESIAN_POINT('',(-0.0135,0.03,-0.013));
#535=CARTESIAN_POINT('',(-0.02575,0.03,-0.013));
#536=CARTESIAN_POINT('',(-0.027,0.015,0.002));
#537=CARTESIAN_POINT('',(-0.027,-3.46944695195361E-18,-0.013));
#538=CARTESIAN_POINT('',(-0.027,0.015,0.002));
#539=CARTESIAN_POINT('',(-0.0135,0.015,0.002));
#540=CARTESIAN_POINT('',(-0.0055,0.013,0.002));
#541=CARTESIAN_POINT('',(-0.00175,0.013,0.002));
#542=CARTESIAN_POINT('',(-0.0215,0.013,0.002));
#543=CARTESIAN_POINT('',(-0.01775,0.013,0.002));
#544=CARTESIAN_POINT('',(-0.0215,0.013,0.016));
#545=CARTESIAN_POINT('',(-0.0252499976816223,0.0129958301285664,0.0115862621750607));
#546=CARTESIAN_POINT('',(-0.025248895951202,0.0120050354272007,0.011640469885855));
#547=CARTESIAN_POINT('',(-0.0244343304513049,0.0100633993383644,0.0117473292214363));
#548=CARTESIAN_POINT('',(-0.021499462967873,0.00884372551148184,0.0119084609068472));
#549=CARTESIAN_POINT('',(-0.0185609068641746,0.0100616996770269,0.012069516766146));
#550=CARTESIAN_POINT('',(-0.0173447391272794,0.0130018413984843,0.0122307373761828));
#551=CARTESIAN_POINT('',(-0.0185601371146616,0.0159356206562308,0.0123916286167541));
#552=CARTESIAN_POINT('',(-0.0214962512977421,0.0171570154072131,0.0125526342939538));
#553=CARTESIAN_POINT('',(-0.024436643173663,0.0159363103422764,0.0127140625069044));
#554=CARTESIAN_POINT('',(-0.02525,0.0139907962323906,0.0128208049448462));
#555=CARTESIAN_POINT('',(-0.02525,0.013,0.012875));
#556=CARTESIAN_POINT('',(-0.0252499976816223,0.0129958301285664,0.0115862621750607));
#557=CARTESIAN_POINT('',(-0.02525,0.013,0.012875));
#558=CARTESIAN_POINT('',(-0.02525,0.013,0.012875));
#559=CARTESIAN_POINT('',(-0.02525,0.0108349364905389,0.0129583333333333));
#560=CARTESIAN_POINT('',(-0.023375,0.00975240473580835,0.0130416666666667));
#561=CARTESIAN_POINT('',(-0.0215,0.0086698729810778,0.013125));
#562=CARTESIAN_POINT('',(-0.019625,0.00975240473580835,0.0132083333333333));
#563=CARTESIAN_POINT('',(-0.01775,0.0108349364905389,0.0132916666666667));
#564=CARTESIAN_POINT('',(-0.01775,0.013,0.013375));
#565=CARTESIAN_POINT('',(-0.01775,0.0151650635094611,0.0134583333333333));
#566=CARTESIAN_POINT('',(-0.019625,0.0162475952641917,0.0135416666666667));
#567=CARTESIAN_POINT('',(-0.0215,0.0173301270189222,0.013625));
#568=CARTESIAN_POINT('',(-0.023375,0.0162475952641917,0.0137083333333333));
#569=CARTESIAN_POINT('',(-0.02525,0.0151650635094611,0.0137916666666667));
#570=CARTESIAN_POINT('',(-0.02525,0.013,0.013875));
#571=CARTESIAN_POINT('',(-0.02525,0.0108349364905389,0.0139583333333333));
#572=CARTESIAN_POINT('',(-0.023375,0.00975240473580836,0.0140416666666667));
#573=CARTESIAN_POINT('',(-0.0215,0.0086698729810778,0.014125));
#574=CARTESIAN_POINT('',(-0.019625,0.00975240473580835,0.0142083333333333));
#575=CARTESIAN_POINT('',(-0.01775,0.0108349364905389,0.0142916666666667));
#576=CARTESIAN_POINT('',(-0.01775,0.013,0.014375));
#577=CARTESIAN_POINT('',(-0.01775,0.0151650635094611,0.0144583333333333));
#578=CARTESIAN_POINT('',(-0.019625,0.0162475952641917,0.0145416666666667));
#579=CARTESIAN_POINT('',(-0.0215,0.0173301270189222,0.014625));
#580=CARTESIAN_POINT('',(-0.023375,0.0162475952641917,0.0147083333333333));
#581=CARTESIAN_POINT('',(-0.02525,0.0151650635094611,0.0147916666666667));
#582=CARTESIAN_POINT('',(-0.02525,0.013,0.014875));
#583=CARTESIAN_POINT('',(-0.02525,0.0108349364905389,0.0149583333333333));
#584=CARTESIAN_POINT('',(-0.023375,0.00975240473580836,0.0150416666666666));
#585=CARTESIAN_POINT('',(-0.0215,0.0086698729810778,0.015125));
#586=CARTESIAN_POINT('',(-0.019625,0.00975240473580835,0.0152083333333333));
#587=CARTESIAN_POINT('',(-0.01775,0.0108349364905389,0.0152916666666667));
#588=CARTESIAN_POINT('',(-0.01775,0.013,0.015375));
#589=CARTESIAN_POINT('',(-0.01775,0.0151650635094611,0.0154583333333333));
#590=CARTESIAN_POINT('',(-0.019625,0.0162475952641917,0.0155416666666666));
#591=CARTESIAN_POINT('',(-0.0215,0.0173301270189222,0.015625));
#592=CARTESIAN_POINT('',(-0.023375,0.0162475952641917,0.0157083333333334));
#593=CARTESIAN_POINT('',(-0.02525,0.0151650635094611,0.0157916666666667));
#594=CARTESIAN_POINT('',(-0.02525,0.013,0.015875));
#595=CARTESIAN_POINT('',(-0.02525,0.0108349364905389,0.0159583333333333));
#596=CARTESIAN_POINT('',(-0.023375,0.00975240473580836,0.0160416666666666));
#597=CARTESIAN_POINT('',(-0.0215,0.0086698729810778,0.016125));
#598=CARTESIAN_POINT('',(-0.019625,0.00975240473580835,0.0162083333333334));
#599=CARTESIAN_POINT('',(-0.01775,0.0108349364905389,0.0162916666666667));
#600=CARTESIAN_POINT('',(-0.01775,0.013,0.016375));
#601=CARTESIAN_POINT('',(-0.01775,0.0151650635094611,0.0164583333333333));
#602=CARTESIAN_POINT('',(-0.019625,0.0162475952641917,0.0165416666666666));
#603=CARTESIAN_POINT('',(-0.0215,0.0173301270189222,0.016625));
#604=CARTESIAN_POINT('',(-0.023375,0.0162475952641917,0.0167083333333333));
#605=CARTESIAN_POINT('',(-0.02525,0.0151650635094611,0.0167916666666667));
#606=CARTESIAN_POINT('',(-0.02525,0.013,0.016875));
#607=CARTESIAN_POINT('',(-0.02525,0.0108349364905389,0.0169583333333333));
#608=CARTESIAN_POINT('',(-0.023375,0.00975240473580836,0.0170416666666666));
#609=CARTESIAN_POINT('',(-0.0215,0.0086698729810778,0.017125));
#610=CARTESIAN_POINT('',(-0.019625,0.00975240473580835,0.0172083333333333));
#611=CARTESIAN_POINT('',(-0.01775,0.0108349364905389,0.0172916666666667));
#612=CARTESIAN_POINT('',(-0.01775,0.013,0.017375));
#613=CARTESIAN_POINT('',(-0.01775,0.0151650635094611,0.0174583333333334));
#614=CARTESIAN_POINT('',(-0.019625,0.0162475952641917,0.0175416666666666));
#615=CARTESIAN_POINT('',(-0.0215,0.0173301270189222,0.017625));
#616=CARTESIAN_POINT('',(-0.023375,0.0162475952641917,0.0177083333333334));
#617=CARTESIAN_POINT('',(-0.02525,0.0151650635094611,0.0177916666666667));
#618=CARTESIAN_POINT('',(-0.02525,0.013,0.017875));
#619=CARTESIAN_POINT('',(-0.0241757205933591,0.0103726402404174,0.016));
#620=CARTESIAN_POINT('',(-0.0215,0.013,0.016));
#621=CARTESIAN_POINT('',(-0.02525,0.013,0.016));
#622=CARTESIAN_POINT('',(-0.02525,0.013,0.012));
#623=CARTESIAN_POINT('',(-0.02525,0.0108349364905389,0.0120833333333333));
#624=CARTESIAN_POINT('',(-0.023375,0.00975240473580835,0.0121666666666667));
#625=CARTESIAN_POINT('',(-0.0215,0.0086698729810778,0.01225));
#626=CARTESIAN_POINT('',(-0.019625,0.00975240473580835,0.0123333333333333));
#627=CARTESIAN_POINT('',(-0.01775,0.0108349364905389,0.0124166666666667));
#628=CARTESIAN_POINT('',(-0.01775,0.013,0.0125));
#629=CARTESIAN_POINT('',(-0.01775,0.0151650635094611,0.0125833333333333));
#630=CARTESIAN_POINT('',(-0.019625,0.0162475952641917,0.0126666666666667));
#631=CARTESIAN_POINT('',(-0.0215,0.0173301270189222,0.01275));
#632=CARTESIAN_POINT('',(-0.023375,0.0162475952641917,0.0128333333333333));
#633=CARTESIAN_POINT('',(-0.02525,0.0151650635094611,0.0129166666666667));
#634=CARTESIAN_POINT('',(-0.02525,0.013,0.013));
#635=CARTESIAN_POINT('',(-0.02525,0.0108349364905389,0.0130833333333333));
#636=CARTESIAN_POINT('',(-0.023375,0.00975240473580836,0.0131666666666667));
#637=CARTESIAN_POINT('',(-0.0215,0.0086698729810778,0.01325));
#638=CARTESIAN_POINT('',(-0.019625,0.00975240473580835,0.0133333333333333));
#639=CARTESIAN_POINT('',(-0.01775,0.0108349364905389,0.0134166666666667));
#640=CARTESIAN_POINT('',(-0.01775,0.013,0.0135));
#641=CARTESIAN_POINT('',(-0.01775,0.0151650635094611,0.0135833333333333));
#642=CARTESIAN_POINT('',(-0.019625,0.0162475952641917,0.0136666666666667));
#643=CARTESIAN_POINT('',(-0.0215,0.0173301270189222,0.01375));
#644=CARTESIAN_POINT('',(-0.023375,0.0162475952641917,0.0138333333333333));
#645=CARTESIAN_POINT('',(-0.02525,0.0151650635094611,0.0139166666666667));
#646=CARTESIAN_POINT('',(-0.02525,0.013,0.014));
#647=CARTESIAN_POINT('',(-0.02525,0.0108349364905389,0.0140833333333333));
#648=CARTESIAN_POINT('',(-0.023375,0.00975240473580836,0.0141666666666667));
#649=CARTESIAN_POINT('',(-0.0215,0.0086698729810778,0.01425));
#650=CARTESIAN_POINT('',(-0.019625,0.00975240473580835,0.0143333333333333));
#651=CARTESIAN_POINT('',(-0.01775,0.0108349364905389,0.0144166666666667));
#652=CARTESIAN_POINT('',(-0.01775,0.013,0.0145));
#653=CARTESIAN_POINT('',(-0.01775,0.0151650635094611,0.0145833333333333));
#654=CARTESIAN_POINT('',(-0.019625,0.0162475952641917,0.0146666666666667));
#655=CARTESIAN_POINT('',(-0.0215,0.0173301270189222,0.01475));
#656=CARTESIAN_POINT('',(-0.023375,0.0162475952641917,0.0148333333333333));
#657=CARTESIAN_POINT('',(-0.02525,0.0151650635094611,0.0149166666666667));
#658=CARTESIAN_POINT('',(-0.02525,0.013,0.015));
#659=CARTESIAN_POINT('',(-0.02525,0.0108349364905389,0.0150833333333333));
#660=CARTESIAN_POINT('',(-0.023375,0.00975240473580836,0.0151666666666666));
#661=CARTESIAN_POINT('',(-0.0215,0.0086698729810778,0.01525));
#662=CARTESIAN_POINT('',(-0.019625,0.00975240473580835,0.0153333333333333));
#663=CARTESIAN_POINT('',(-0.01775,0.0108349364905389,0.0154166666666667));
#664=CARTESIAN_POINT('',(-0.01775,0.013,0.0155));
#665=CARTESIAN_POINT('',(-0.01775,0.0151650635094611,0.0155833333333333));
#666=CARTESIAN_POINT('',(-0.019625,0.0162475952641917,0.0156666666666666));
#667=CARTESIAN_POINT('',(-0.0215,0.0173301270189222,0.01575));
#668=CARTESIAN_POINT('',(-0.023375,0.0162475952641917,0.0158333333333334));
#669=CARTESIAN_POINT('',(-0.02525,0.0151650635094611,0.0159166666666667));
#670=CARTESIAN_POINT('',(-0.02525,0.013,0.016));
#671=CARTESIAN_POINT('',(-0.02525,0.0108349364905389,0.0160833333333333));
#672=CARTESIAN_POINT('',(-0.023375,0.00975240473580836,0.0161666666666666));
#673=CARTESIAN_POINT('',(-0.0215,0.0086698729810778,0.01625));
#674=CARTESIAN_POINT('',(-0.019625,0.00975240473580835,0.0163333333333334));
#675=CARTESIAN_POINT('',(-0.01775,0.0108349364905389,0.0164166666666667));
#676=CARTESIAN_POINT('',(-0.01775,0.013,0.0165));
#677=CARTESIAN_POINT('',(-0.01775,0.0151650635094611,0.0165833333333333));
#678=CARTESIAN_POINT('',(-0.019625,0.0162475952641917,0.0166666666666666));
#679=CARTESIAN_POINT('',(-0.0215,0.0173301270189222,0.01675));
#680=CARTESIAN_POINT('',(-0.023375,0.0162475952641917,0.0168333333333333));
#681=CARTESIAN_POINT('',(-0.02525,0.0151650635094611,0.0169166666666667));
#682=CARTESIAN_POINT('',(-0.02525,0.013,0.017));
#683=CARTESIAN_POINT('',(-0.02525,0.013,0.012));
#684=CARTESIAN_POINT('',(-0.02525,0.013,0.012));
#685=CARTESIAN_POINT('',(-0.02525,0.013990859479649,0.0119700863843746));
#686=CARTESIAN_POINT('',(-0.0244374766633268,0.0159335035147871,0.0119110704802237));
#687=CARTESIAN_POINT('',(-0.0215037249520434,0.0171563603584736,0.0118221535746213));
#688=CARTESIAN_POINT('',(-0.0185635717353912,0.0159410493992,0.0117332371383077));
#689=CARTESIAN_POINT('',(-0.0173447514858166,0.0130020005021299,0.011644237791853));
#690=CARTESIAN_POINT('',(-0.01855742798879,0.0100669184106723,0.0115554015008541));
#691=CARTESIAN_POINT('',(-0.0214931577255013,0.00884293133294634,0.0114664791153246));
#692=CARTESIAN_POINT('',(-0.0244343251587485,0.0100613844463584,0.0113773321708924));
#693=CARTESIAN_POINT('',(-0.0252492888404596,0.012006452839862,0.0113183807495779));
#694=CARTESIAN_POINT('',(-0.0252499990367614,0.0129973121962968,0.0112884728711641));
#695=CARTESIAN_POINT('',(-0.0252499990367614,0.0129973121962968,0.0112884728711641));
#696=CARTESIAN_POINT('',(-0.0215,0.013,0.0088615391723263));
#697=CARTESIAN_POINT('',(-0.0135,0.015,0.016));
#698=CARTESIAN_POINT('',(-0.0185424040522875,0.0117555720611406,0.016));
#699=CARTESIAN_POINT('',(-0.0187182491881544,0.0112051917664123,0.016));
#700=CARTESIAN_POINT('',(-0.0193609835713693,0.0102203233825028,0.016));
#701=CARTESIAN_POINT('',(-0.0209466325811378,0.00941094880216291,0.016));
#702=CARTESIAN_POINT('',(-0.022710694606371,0.00943180162237207,0.0160000000000001));
#703=CARTESIAN_POINT('',(-0.0237423083433939,0.00999241680284496,0.016));
#704=CARTESIAN_POINT('',(-0.0241757205933591,0.0103726402404174,0.016));
#705=CARTESIAN_POINT('',(-0.0185424040522875,0.0117555720611406,0.016));
#706=CARTESIAN_POINT('',(-0.020296724703126,0.0159745761454094,0.0160000000000097));
#707=CARTESIAN_POINT('',(-0.0195322567987941,0.0156187105048053,0.0160000000000097));
#708=CARTESIAN_POINT('',(-0.0182755810101869,0.0143379704625239,0.0159999999999952));
#709=CARTESIAN_POINT('',(-0.0182615235319245,0.0125411122367079,0.0159999999999999));
#710=CARTESIAN_POINT('',(-0.0185424040522875,0.0117555720611407,0.0159999999999999));
#711=CARTESIAN_POINT('',(-0.020296724703125,0.0159745761454146,0.016));
#712=CARTESIAN_POINT('',(-0.02525,0.013,0.016));
#713=CARTESIAN_POINT('',(-0.0251735711509123,0.0141464327413255,0.016));
#714=CARTESIAN_POINT('',(-0.0241973711553241,0.0157555063205163,0.016));
#715=CARTESIAN_POINT('',(-0.021953668813955,0.0164773988817224,0.016));
#716=CARTESIAN_POINT('',(-0.0208044028979152,0.0162309312002773,0.016));
#717=CARTESIAN_POINT('',(-0.020296724703125,0.0159745761454147,0.016));
#718=CARTESIAN_POINT('',(-0.0055,0.013,0.016));
#719=CARTESIAN_POINT('',(-0.00924999768162225,0.0129958301285664,0.0115862621750606));
#720=CARTESIAN_POINT('',(-0.00924889595120196,0.0120050354271818,0.0116404698858461));
#721=CARTESIAN_POINT('',(-0.00843433045144338,0.0100633993383017,0.0117473292239155));
#722=CARTESIAN_POINT('',(-0.00549946296715692,0.00884372551149843,0.0119084608981948));
#723=CARTESIAN_POINT('',(-0.00256090686429498,0.0100616996770239,0.0120695167621861));
#724=CARTESIAN_POINT('',(-0.00134473912669771,0.0130018413992959,0.0122307373864048));
#725=CARTESIAN_POINT('',(-0.00256013711686823,0.0159356206550202,0.0123916285656711));
#726=CARTESIAN_POINT('',(-0.0054962512911363,0.0171570154128851,0.0125526344740543));
#727=CARTESIAN_POINT('',(-0.00843664319529185,0.015936310320797,0.0127140619242779));
#728=CARTESIAN_POINT('',(-0.00925,0.0139907962327246,0.0128208049463527));
#729=CARTESIAN_POINT('',(-0.00925,0.013,0.012875));
#730=CARTESIAN_POINT('',(-0.00924999768162226,0.0129958301285664,0.0115862621750606));
#731=CARTESIAN_POINT('',(-0.00925,0.013,0.012875));
#732=CARTESIAN_POINT('',(-0.00925,0.013,0.012875));
#733=CARTESIAN_POINT('',(-0.00925000000000001,0.0108349364905389,0.0129583333333333));
#734=CARTESIAN_POINT('',(-0.007375,0.00975240473580835,0.0130416666666667));
#735=CARTESIAN_POINT('',(-0.00550000000000001,0.0086698729810778,0.013125));
#736=CARTESIAN_POINT('',(-0.003625,0.00975240473580835,0.0132083333333333));
#737=CARTESIAN_POINT('',(-0.00175000000000001,0.0108349364905389,0.0132916666666667));
#738=CARTESIAN_POINT('',(-0.00175,0.013,0.013375));
#739=CARTESIAN_POINT('',(-0.00175000000000001,0.0151650635094611,0.0134583333333333));
#740=CARTESIAN_POINT('',(-0.003625,0.0162475952641917,0.0135416666666667));
#741=CARTESIAN_POINT('',(-0.00550000000000001,0.0173301270189222,0.013625));
#742=CARTESIAN_POINT('',(-0.007375,0.0162475952641917,0.0137083333333333));
#743=CARTESIAN_POINT('',(-0.00925,0.0151650635094611,0.0137916666666667));
#744=CARTESIAN_POINT('',(-0.00925,0.013,0.013875));
#745=CARTESIAN_POINT('',(-0.00925000000000001,0.0108349364905389,0.0139583333333333));
#746=CARTESIAN_POINT('',(-0.007375,0.00975240473580836,0.0140416666666667));
#747=CARTESIAN_POINT('',(-0.00550000000000001,0.0086698729810778,0.014125));
#748=CARTESIAN_POINT('',(-0.003625,0.00975240473580835,0.0142083333333333));
#749=CARTESIAN_POINT('',(-0.00175000000000001,0.0108349364905389,0.0142916666666667));
#750=CARTESIAN_POINT('',(-0.00175,0.013,0.014375));
#751=CARTESIAN_POINT('',(-0.00175000000000001,0.0151650635094611,0.0144583333333333));
#752=CARTESIAN_POINT('',(-0.003625,0.0162475952641917,0.0145416666666667));
#753=CARTESIAN_POINT('',(-0.00550000000000001,0.0173301270189222,0.014625));
#754=CARTESIAN_POINT('',(-0.007375,0.0162475952641917,0.0147083333333333));
#755=CARTESIAN_POINT('',(-0.00925,0.0151650635094611,0.0147916666666667));
#756=CARTESIAN_POINT('',(-0.00925,0.013,0.014875));
#757=CARTESIAN_POINT('',(-0.00925000000000001,0.0108349364905389,0.0149583333333333));
#758=CARTESIAN_POINT('',(-0.007375,0.00975240473580836,0.0150416666666666));
#759=CARTESIAN_POINT('',(-0.00550000000000002,0.0086698729810778,0.015125));
#760=CARTESIAN_POINT('',(-0.003625,0.00975240473580835,0.0152083333333333));
#761=CARTESIAN_POINT('',(-0.00175000000000001,0.0108349364905389,0.0152916666666667));
#762=CARTESIAN_POINT('',(-0.00175,0.013,0.015375));
#763=CARTESIAN_POINT('',(-0.00175000000000001,0.0151650635094611,0.0154583333333333));
#764=CARTESIAN_POINT('',(-0.003625,0.0162475952641917,0.0155416666666666));
#765=CARTESIAN_POINT('',(-0.0055,0.0173301270189222,0.015625));
#766=CARTESIAN_POINT('',(-0.007375,0.0162475952641917,0.0157083333333334));
#767=CARTESIAN_POINT('',(-0.00925,0.0151650635094611,0.0157916666666667));
#768=CARTESIAN_POINT('',(-0.00925,0.013,0.015875));
#769=CARTESIAN_POINT('',(-0.00925000000000001,0.0108349364905389,0.0159583333333333));
#770=CARTESIAN_POINT('',(-0.007375,0.00975240473580836,0.0160416666666666));
#771=CARTESIAN_POINT('',(-0.00550000000000002,0.0086698729810778,0.016125));
#772=CARTESIAN_POINT('',(-0.003625,0.00975240473580835,0.0162083333333334));
#773=CARTESIAN_POINT('',(-0.00175000000000002,0.0108349364905389,0.0162916666666667));
#774=CARTESIAN_POINT('',(-0.00175,0.013,0.016375));
#775=CARTESIAN_POINT('',(-0.00175000000000001,0.0151650635094611,0.0164583333333333));
#776=CARTESIAN_POINT('',(-0.003625,0.0162475952641917,0.0165416666666666));
#777=CARTESIAN_POINT('',(-0.0055,0.0173301270189222,0.016625));
#778=CARTESIAN_POINT('',(-0.007375,0.0162475952641917,0.0167083333333333));
#779=CARTESIAN_POINT('',(-0.00925,0.0151650635094611,0.0167916666666667));
#780=CARTESIAN_POINT('',(-0.00925,0.013,0.016875));
#781=CARTESIAN_POINT('',(-0.00925000000000001,0.0108349364905389,0.0169583333333333));
#782=CARTESIAN_POINT('',(-0.007375,0.00975240473580836,0.0170416666666666));
#783=CARTESIAN_POINT('',(-0.00550000000000002,0.0086698729810778,0.017125));
#784=CARTESIAN_POINT('',(-0.003625,0.00975240473580835,0.0172083333333333));
#785=CARTESIAN_POINT('',(-0.00175000000000002,0.0108349364905389,0.0172916666666667));
#786=CARTESIAN_POINT('',(-0.00175,0.013,0.017375));
#787=CARTESIAN_POINT('',(-0.00175,0.0151650635094611,0.0174583333333334));
#788=CARTESIAN_POINT('',(-0.003625,0.0162475952641917,0.0175416666666666));
#789=CARTESIAN_POINT('',(-0.0055,0.0173301270189222,0.017625));
#790=CARTESIAN_POINT('',(-0.007375,0.0162475952641917,0.0177083333333334));
#791=CARTESIAN_POINT('',(-0.00925,0.0151650635094611,0.0177916666666667));
#792=CARTESIAN_POINT('',(-0.00925,0.013,0.017875));
#793=CARTESIAN_POINT('',(-0.00817572059335913,0.0103726402404174,0.016));
#794=CARTESIAN_POINT('',(-0.0055,0.013,0.016));
#795=CARTESIAN_POINT('',(-0.00925,0.013,0.016));
#796=CARTESIAN_POINT('',(-0.00925,0.013,0.012));
#797=CARTESIAN_POINT('',(-0.00925000000000001,0.0108349364905389,0.0120833333333333));
#798=CARTESIAN_POINT('',(-0.007375,0.00975240473580835,0.0121666666666667));
#799=CARTESIAN_POINT('',(-0.00550000000000001,0.0086698729810778,0.01225));
#800=CARTESIAN_POINT('',(-0.003625,0.00975240473580835,0.0123333333333333));
#801=CARTESIAN_POINT('',(-0.00175000000000001,0.0108349364905389,0.0124166666666667));
#802=CARTESIAN_POINT('',(-0.00175,0.013,0.0125));
#803=CARTESIAN_POINT('',(-0.00175000000000001,0.0151650635094611,0.0125833333333333));
#804=CARTESIAN_POINT('',(-0.003625,0.0162475952641917,0.0126666666666667));
#805=CARTESIAN_POINT('',(-0.00550000000000001,0.0173301270189222,0.01275));
#806=CARTESIAN_POINT('',(-0.007375,0.0162475952641917,0.0128333333333333));
#807=CARTESIAN_POINT('',(-0.00925,0.0151650635094611,0.0129166666666667));
#808=CARTESIAN_POINT('',(-0.00925,0.013,0.013));
#809=CARTESIAN_POINT('',(-0.00925000000000001,0.0108349364905389,0.0130833333333333));
#810=CARTESIAN_POINT('',(-0.007375,0.00975240473580836,0.0131666666666667));
#811=CARTESIAN_POINT('',(-0.00550000000000001,0.0086698729810778,0.01325));
#812=CARTESIAN_POINT('',(-0.003625,0.00975240473580835,0.0133333333333333));
#813=CARTESIAN_POINT('',(-0.00175000000000001,0.0108349364905389,0.0134166666666667));
#814=CARTESIAN_POINT('',(-0.00175,0.013,0.0135));
#815=CARTESIAN_POINT('',(-0.00175000000000001,0.0151650635094611,0.0135833333333333));
#816=CARTESIAN_POINT('',(-0.003625,0.0162475952641917,0.0136666666666667));
#817=CARTESIAN_POINT('',(-0.00550000000000001,0.0173301270189222,0.01375));
#818=CARTESIAN_POINT('',(-0.007375,0.0162475952641917,0.0138333333333333));
#819=CARTESIAN_POINT('',(-0.00925,0.0151650635094611,0.0139166666666667));
#820=CARTESIAN_POINT('',(-0.00925,0.013,0.014));
#821=CARTESIAN_POINT('',(-0.00925000000000001,0.0108349364905389,0.0140833333333333));
#822=CARTESIAN_POINT('',(-0.007375,0.00975240473580836,0.0141666666666667));
#823=CARTESIAN_POINT('',(-0.00550000000000002,0.0086698729810778,0.01425));
#824=CARTESIAN_POINT('',(-0.003625,0.00975240473580835,0.0143333333333333));
#825=CARTESIAN_POINT('',(-0.00175000000000001,0.0108349364905389,0.0144166666666667));
#826=CARTESIAN_POINT('',(-0.00175,0.013,0.0145));
#827=CARTESIAN_POINT('',(-0.00175000000000001,0.0151650635094611,0.0145833333333333));
#828=CARTESIAN_POINT('',(-0.003625,0.0162475952641917,0.0146666666666667));
#829=CARTESIAN_POINT('',(-0.0055,0.0173301270189222,0.01475));
#830=CARTESIAN_POINT('',(-0.007375,0.0162475952641917,0.0148333333333333));
#831=CARTESIAN_POINT('',(-0.00925,0.0151650635094611,0.0149166666666667));
#832=CARTESIAN_POINT('',(-0.00925,0.013,0.015));
#833=CARTESIAN_POINT('',(-0.00925000000000001,0.0108349364905389,0.0150833333333333));
#834=CARTESIAN_POINT('',(-0.007375,0.00975240473580836,0.0151666666666666));
#835=CARTESIAN_POINT('',(-0.00550000000000002,0.0086698729810778,0.01525));
#836=CARTESIAN_POINT('',(-0.003625,0.00975240473580835,0.0153333333333333));
#837=CARTESIAN_POINT('',(-0.00175000000000002,0.0108349364905389,0.0154166666666667));
#838=CARTESIAN_POINT('',(-0.00175,0.013,0.0155));
#839=CARTESIAN_POINT('',(-0.00175000000000001,0.0151650635094611,0.0155833333333333));
#840=CARTESIAN_POINT('',(-0.003625,0.0162475952641917,0.0156666666666666));
#841=CARTESIAN_POINT('',(-0.0055,0.0173301270189222,0.01575));
#842=CARTESIAN_POINT('',(-0.007375,0.0162475952641917,0.0158333333333334));
#843=CARTESIAN_POINT('',(-0.00925,0.0151650635094611,0.0159166666666667));
#844=CARTESIAN_POINT('',(-0.00925,0.013,0.016));
#845=CARTESIAN_POINT('',(-0.00925000000000001,0.0108349364905389,0.0160833333333333));
#846=CARTESIAN_POINT('',(-0.007375,0.00975240473580836,0.0161666666666666));
#847=CARTESIAN_POINT('',(-0.00550000000000002,0.0086698729810778,0.01625));
#848=CARTESIAN_POINT('',(-0.003625,0.00975240473580835,0.0163333333333334));
#849=CARTESIAN_POINT('',(-0.00175000000000002,0.0108349364905389,0.0164166666666667));
#850=CARTESIAN_POINT('',(-0.00175,0.013,0.0165));
#851=CARTESIAN_POINT('',(-0.00175,0.0151650635094611,0.0165833333333333));
#852=CARTESIAN_POINT('',(-0.003625,0.0162475952641917,0.0166666666666666));
#853=CARTESIAN_POINT('',(-0.0055,0.0173301270189222,0.01675));
#854=CARTESIAN_POINT('',(-0.007375,0.0162475952641917,0.0168333333333333));
#855=CARTESIAN_POINT('',(-0.00925,0.0151650635094611,0.0169166666666667));
#856=CARTESIAN_POINT('',(-0.00925,0.013,0.017));
#857=CARTESIAN_POINT('',(-0.00925,0.013,0.012));
#858=CARTESIAN_POINT('',(-0.00925,0.013,0.012));
#859=CARTESIAN_POINT('',(-0.00925,0.0139908594796233,0.0119700863843553));
#860=CARTESIAN_POINT('',(-0.00843747666186502,0.015933503516403,0.0119110705538708));
#861=CARTESIAN_POINT('',(-0.0055037249517903,0.0171563603582259,0.0118221535814472));
#862=CARTESIAN_POINT('',(-0.0025635717345873,0.0159410493985772,0.0117332371809953));
#863=CARTESIAN_POINT('',(-0.00134475148577649,0.0130020005013658,0.0116442378212204));
#864=CARTESIAN_POINT('',(-0.00255742798975116,0.0100669184101986,0.011555401547712));
#865=CARTESIAN_POINT('',(-0.00549315772416614,0.00884293133312867,0.0114664791056831));
#866=CARTESIAN_POINT('',(-0.00843432515891357,0.0100613844461094,0.0113773321736432));
#867=CARTESIAN_POINT('',(-0.00924928884045958,0.0120064528398177,0.0113183807495738));
#868=CARTESIAN_POINT('',(-0.00924999903676139,0.0129973121962968,0.0112884728711637));
#869=CARTESIAN_POINT('',(-0.00924999903676138,0.0129973121962968,0.0112884728711637));
#870=CARTESIAN_POINT('',(-0.0055,0.013,0.00886153917238132));
#871=CARTESIAN_POINT('',(-0.0135,0.015,0.016));
#872=CARTESIAN_POINT('',(-0.00254240405228743,0.0117555720611407,0.016));
#873=CARTESIAN_POINT('',(-0.00271824918815435,0.0112051917664124,0.016));
#874=CARTESIAN_POINT('',(-0.0033609835713693,0.0102203233825028,0.016));
#875=CARTESIAN_POINT('',(-0.00494663258113778,0.00941094880216291,0.016));
#876=CARTESIAN_POINT('',(-0.00671069460637095,0.00943180162237208,0.016));
#877=CARTESIAN_POINT('',(-0.00774230834339388,0.00999241680284496,0.016));
#878=CARTESIAN_POINT('',(-0.00817572059335913,0.0103726402404174,0.016));
#879=CARTESIAN_POINT('',(-0.00254240405228741,0.0117555720611407,0.016));
#880=CARTESIAN_POINT('',(-0.00429672470312598,0.0159745761454094,0.0160000000000097));
#881=CARTESIAN_POINT('',(-0.00353225679879409,0.0156187105048053,0.0160000000000097));
#882=CARTESIAN_POINT('',(-0.00227558101018691,0.0143379704625239,0.0159999999999952));
#883=CARTESIAN_POINT('',(-0.00226152353192448,0.012541112236708,0.0159999999999999));
#884=CARTESIAN_POINT('',(-0.00254240405228745,0.0117555720611407,0.0159999999999999));
#885=CARTESIAN_POINT('',(-0.00429672470312495,0.0159745761454146,0.016));
#886=CARTESIAN_POINT('',(-0.00925,0.013,0.016));
#887=CARTESIAN_POINT('',(-0.00917357115091229,0.0141464327413255,0.016));
#888=CARTESIAN_POINT('',(-0.00819737115532409,0.0157555063205164,0.016));
#889=CARTESIAN_POINT('',(-0.00595366881395494,0.0164773988817224,0.016));
#890=CARTESIAN_POINT('',(-0.00480440289791517,0.0162309312002773,0.016));
#891=CARTESIAN_POINT('',(-0.00429672470312499,0.0159745761454147,0.016));
#892=CARTESIAN_POINT('',(-0.00945217743324944,0.0129970772780531,0.011437404243842));
#893=CARTESIAN_POINT('',(-0.00947932246482446,0.0129985449466403,0.0111561659506131));
#894=CARTESIAN_POINT('',(-0.0092086449296489,0.0129970898932806,0.0113123319012261));
#895=CARTESIAN_POINT('',(-0.00932588246501339,0.0129967611999299,0.0114373659271805));
#896=CARTESIAN_POINT('',(-0.00920857219735953,0.0129958455043383,0.0115623287936192));
#897=CARTESIAN_POINT('',(-0.00947915881717337,0.0129957450715201,0.0117186589584974));
#898=CARTESIAN_POINT('',(-0.00925,0.013,0.012875));
#899=CARTESIAN_POINT('',(-0.0092526028761831,0.0131226926749971,0.0128697916677328));
#900=CARTESIAN_POINT('',(-0.00924917572083503,0.0132456413359238,0.0128645833321905));
#901=CARTESIAN_POINT('',(-0.00920189750452548,0.0138587004084862,0.0128385416542609));
#902=CARTESIAN_POINT('',(-0.00906633472217299,0.0143435382696511,0.012817708293779));
#903=CARTESIAN_POINT('',(-0.00861729114741127,0.0152280694510488,0.0127760415392508));
#904=CARTESIAN_POINT('',(-0.00830389640942157,0.0156273724179188,0.0127552081444969));
#905=CARTESIAN_POINT('',(-0.0075442640583265,0.0162779805776269,0.0127135413232862));
#906=CARTESIAN_POINT('',(-0.00709826037816833,0.0165289566389233,0.0126927078958986));
#907=CARTESIAN_POINT('',(-0.00613967057220467,0.016841791152179,0.0126510410115822));
#908=CARTESIAN_POINT('',(-0.00562742801812296,0.0169034321286099,0.0126302075530618));
#909=CARTESIAN_POINT('',(-0.00461394218400942,0.0168248906168075,0.0125885406085567));
#910=CARTESIAN_POINT('',(-0.00411310263983053,0.0166846399314591,0.0125677071204923));
#911=CARTESIAN_POINT('',(-0.00319957113936681,0.0162204429530667,0.0125260401187625));
#912=CARTESIAN_POINT('',(-0.00278728097794052,0.0158965902084503,0.0125052066025821));
#913=CARTESIAN_POINT('',(-0.00211568221099533,0.015111858444994,0.0124635395464306));
#914=CARTESIAN_POINT('',(-0.00185671083371431,0.0146512223177623,0.0124427060035091));
#915=CARTESIAN_POINT('',(-0.00153409439785547,0.0136614084152554,0.012401038895598));
#916=CARTESIAN_POINT('',(-0.00147066859495268,0.0131325872860229,0.0123802053272445));
#917=CARTESIAN_POINT('',(-0.00155212593632922,0.0120865110058462,0.0123385381701204));
#918=CARTESIAN_POINT('',(-0.00169707454583077,0.0115696724549095,0.0123177045775801));
#919=CARTESIAN_POINT('',(-0.00217644135222366,0.0106271491516558,0.0122760373736661));
#920=CARTESIAN_POINT('',(-0.00251075881505701,0.0102018770580773,0.0122552037581297));
#921=CARTESIAN_POINT('',(-0.00332060332964496,0.00950930195195527,0.0122135365097323));
#922=CARTESIAN_POINT('',(-0.00379587670741949,0.00924234346667303,0.0121927028723338));
#923=CARTESIAN_POINT('',(-0.00481692049390381,0.00890996179218664,0.012151035581659));
#924=CARTESIAN_POINT('',(-0.00536232150985949,0.00884476049198306,0.0121302019234786));
#925=CARTESIAN_POINT('',(-0.00644098717710103,0.00892915135807799,0.0120885345926265));
#926=CARTESIAN_POINT('',(-0.00697382244533359,0.00907880656241944,0.012067700914695));
#927=CARTESIAN_POINT('',(-0.00794532997352549,0.00957335876723935,0.0120260335456719));
#928=CARTESIAN_POINT('',(-0.00838357868748757,0.0099181479169647,0.0120051998489718));
#929=CARTESIAN_POINT('',(-0.00909711746479676,0.010753116399177,0.0119635324436913));
#930=CARTESIAN_POINT('',(-0.00937205565434629,0.0112430313293529,0.0119426987291627));
#931=CARTESIAN_POINT('',(-0.0096714205235084,0.0121637755004497,0.0119062397194113));
#932=CARTESIAN_POINT('',(-0.00974149265776767,0.0125784571645813,0.0118906155566628));
#933=CARTESIAN_POINT('',(-0.0097497454369872,0.0129956446387019,0.0118749891233756));
#934=CARTESIAN_POINT('',(-0.00870873412500001,0.013,0.0125625));
#935=CARTESIAN_POINT('',(-0.00871133746726303,0.0131049669305326,0.012557290859139));
#936=CARTESIAN_POINT('',(-0.00870878080112536,0.0132102320201384,0.0125520793987526));
#937=CARTESIAN_POINT('',(-0.00867018686490953,0.0137350891689576,0.0125260416510238));
#938=CARTESIAN_POINT('',(-0.00855556115319025,0.0141509386703975,0.0125051897584777));
#939=CARTESIAN_POINT('',(-0.00817335601152787,0.014910406064231,0.012463529704365));
#940=CARTESIAN_POINT('',(-0.00790570286184135,0.0152539834303848,0.0124426789057276));
#941=CARTESIAN_POINT('',(-0.00725567776377172,0.015814624320369,0.0124010178974639));
#942=CARTESIAN_POINT('',(-0.00687325769287595,0.0160316201677583,0.0123801665737901));
#943=CARTESIAN_POINT('',(-0.00605035808315585,0.0163032771587062,0.0123385065176117));
#944=CARTESIAN_POINT('',(-0.00560986176678737,0.0163578551382986,0.0123176552858169));
#945=CARTESIAN_POINT('',(-0.00473749411482948,0.0162931934583422,0.0122759949363715));
#946=CARTESIAN_POINT('',(-0.00430564213340284,0.0161738713970206,0.0122551440263924));
#947=CARTESIAN_POINT('',(-0.00351717558228048,0.0157764975353382,0.0122134836856019));
#948=CARTESIAN_POINT('',(-0.0031606131579841,0.0154983787971284,0.0121926329428012));
#949=CARTESIAN_POINT('',(-0.00257898896694569,0.0148232405361235,0.0121509726096566));
#950=CARTESIAN_POINT('',(-0.00235400291048773,0.0144261816813859,0.0121301220311425));
#951=CARTESIAN_POINT('',(-0.00207257534295793,0.0135720484212278,0.0120884617043326));
#952=CARTESIAN_POINT('',(-0.00201621962658684,0.0131149697455959,0.0120676112872555));
#953=CARTESIAN_POINT('',(-0.00208381122720082,0.0122100072842707,0.0120259509659311));
#954=CARTESIAN_POINT('',(-0.00220783899530022,0.0117621555497398,0.0120051007074405));
#955=CARTESIAN_POINT('',(-0.00262039712735113,0.0109446985808556,0.0119634403905312));
#956=CARTESIAN_POINT('',(-0.00290898793073397,0.0105751564985161,0.0119425902877557));
#957=CARTESIAN_POINT('',(-0.00360925152591538,0.00997256270356298,0.0119009299746837));
#958=CARTESIAN_POINT('',(-0.0040209534381973,0.00973959438984947,0.011880080024883));
#959=CARTESIAN_POINT('',(-0.00490632545013703,0.00944841247086716,0.0118384197145347));
#960=CARTESIAN_POINT('',(-0.0053799874451109,0.00939028786369633,0.011817569915143));
#961=CARTESIAN_POINT('',(-0.00631754321490017,0.00946082623758275,0.0117759096068041));
#962=CARTESIAN_POINT('',(-0.00678139227814612,0.00958956790144526,0.0117550599550357));
#963=CARTESIAN_POINT('',(-0.00762783200696066,0.0100173249502082,0.0117133996482388));
#964=CARTESIAN_POINT('',(-0.00801034849587666,0.0103163943029966,0.011692550141532));
#965=CARTESIAN_POINT('',(-0.00863389950330084,0.0110417935872755,0.0116508898353089));
#966=CARTESIAN_POINT('',(-0.00887484290760379,0.0114681424456899,0.0116300404711295));
#967=CARTESIAN_POINT('',(-0.00913814896622314,0.0122701809863362,0.0115935877033963));
#968=CARTESIAN_POINT('',(-0.00920034300909969,0.0126318174348394,0.011577948604674));
#969=CARTESIAN_POINT('',(-0.00920857219735953,0.0129958455043383,0.0115623287936192));
#970=CARTESIAN_POINT('',(-0.00870873412500001,0.013,0.0125625));
#971=CARTESIAN_POINT('',(-0.00871133746726303,0.0131049669305326,0.012557290859139));
#972=CARTESIAN_POINT('',(-0.00870878080112536,0.0132102320201384,0.0125520793987526));
#973=CARTESIAN_POINT('',(-0.00867018686490953,0.0137350891689576,0.0125260416510238));
#974=CARTESIAN_POINT('',(-0.00855556115319025,0.0141509386703975,0.0125051897584777));
#975=CARTESIAN_POINT('',(-0.00817335601152787,0.014910406064231,0.012463529704365));
#976=CARTESIAN_POINT('',(-0.00790570286184135,0.0152539834303848,0.0124426789057276));
#977=CARTESIAN_POINT('',(-0.00725567776377172,0.015814624320369,0.0124010178974639));
#978=CARTESIAN_POINT('',(-0.00687325769287595,0.0160316201677583,0.0123801665737901));
#979=CARTESIAN_POINT('',(-0.00605035808315585,0.0163032771587062,0.0123385065176117));
#980=CARTESIAN_POINT('',(-0.00560986176678737,0.0163578551382986,0.0123176552858169));
#981=CARTESIAN_POINT('',(-0.00473749411482948,0.0162931934583422,0.0122759949363715));
#982=CARTESIAN_POINT('',(-0.00430564213340284,0.0161738713970206,0.0122551440263924));
#983=CARTESIAN_POINT('',(-0.00351717558228048,0.0157764975353382,0.0122134836856019));
#984=CARTESIAN_POINT('',(-0.0031606131579841,0.0154983787971284,0.0121926329428012));
#985=CARTESIAN_POINT('',(-0.00257898896694569,0.0148232405361235,0.0121509726096566));
#986=CARTESIAN_POINT('',(-0.00235400291048773,0.0144261816813859,0.0121301220311425));
#987=CARTESIAN_POINT('',(-0.00207257534295793,0.0135720484212278,0.0120884617043326));
#988=CARTESIAN_POINT('',(-0.00201621962658684,0.0131149697455959,0.0120676112872555));
#989=CARTESIAN_POINT('',(-0.00208381122720082,0.0122100072842707,0.0120259509659311));
#990=CARTESIAN_POINT('',(-0.00220783899530022,0.0117621555497398,0.0120051007074405));
#991=CARTESIAN_POINT('',(-0.00262039712735113,0.0109446985808556,0.0119634403905312));
#992=CARTESIAN_POINT('',(-0.00290898793073397,0.0105751564985161,0.0119425902877557));
#993=CARTESIAN_POINT('',(-0.00360925152591538,0.00997256270356298,0.0119009299746837));
#994=CARTESIAN_POINT('',(-0.0040209534381973,0.00973959438984947,0.011880080024883));
#995=CARTESIAN_POINT('',(-0.00490632545013703,0.00944841247086716,0.0118384197145347));
#996=CARTESIAN_POINT('',(-0.0053799874451109,0.00939028786369633,0.011817569915143));
#997=CARTESIAN_POINT('',(-0.00631754321490017,0.00946082623758275,0.0117759096068041));
#998=CARTESIAN_POINT('',(-0.00678139227814612,0.00958956790144526,0.0117550599550357));
#999=CARTESIAN_POINT('',(-0.00762783200696066,0.0100173249502082,0.0117133996482388));
#1000=CARTESIAN_POINT('',(-0.00801034849587666,0.0103163943029966,0.011692550141532));
#1001=CARTESIAN_POINT('',(-0.00863389950330084,0.0110417935872755,0.0116508898353089));
#1002=CARTESIAN_POINT('',(-0.00887484290760379,0.0114681424456899,0.0116300404711295));
#1003=CARTESIAN_POINT('',(-0.00913814896622314,0.0122701809863362,0.0115935877033963));
#1004=CARTESIAN_POINT('',(-0.00920034300909969,0.0126318174348394,0.011577948604674));
#1005=CARTESIAN_POINT('',(-0.00920857219735953,0.0129958455043383,0.0115623287936192));
#1006=CARTESIAN_POINT('',(-0.00870873412500001,0.013,0.0125625));
#1007=CARTESIAN_POINT('',(-0.00897936706250001,0.013,0.01271875));
#1008=CARTESIAN_POINT('',(-0.00870873412500001,0.013,0.0123125));
#1009=CARTESIAN_POINT('',(-0.00871133783602938,0.0131049743001351,0.0123072908587453));
#1010=CARTESIAN_POINT('',(-0.00870878189584821,0.0132102467820255,0.0123020793990792));
#1011=CARTESIAN_POINT('',(-0.00867017894745782,0.013735140184338,0.0122760416545682));
#1012=CARTESIAN_POINT('',(-0.00855554396877372,0.0141510192582795,0.0122551897697786));
#1013=CARTESIAN_POINT('',(-0.00817328280019751,0.0149105243088829,0.0122135297407699));
#1014=CARTESIAN_POINT('',(-0.0079056003803454,0.0152541179545038,0.0121926789596807));
#1015=CARTESIAN_POINT('',(-0.00725549478325427,0.015814755452741,0.0121510179955727));
#1016=CARTESIAN_POINT('',(-0.00687303598213585,0.0160317454803542,0.0121301666987713));
#1017=CARTESIAN_POINT('',(-0.00605005631899395,0.0163033470953622,0.0120885067047788));
#1018=CARTESIAN_POINT('',(-0.00560952516981954,0.0163578937588633,0.0120676555087517));
#1019=CARTESIAN_POINT('',(-0.00473710643964969,0.0162931287338424,0.0120259952386886));
#1020=CARTESIAN_POINT('',(-0.00430523727673769,0.0161737537107579,0.0120051443729186));
#1021=CARTESIAN_POINT('',(-0.00351677280380973,0.0157762457500739,0.0119634841278601));
#1022=CARTESIAN_POINT('',(-0.00316022151611184,0.0154980629780215,0.0119426334373013));
#1023=CARTESIAN_POINT('',(-0.0025786665880773,0.0148227879443738,0.0119009732154386));
#1024=CARTESIAN_POINT('',(-0.00235372467003471,0.014425668979466,0.0118801226968067));
#1025=CARTESIAN_POINT('',(-0.00207243315990811,0.0135714294695178,0.0118384624960664));
#1026=CARTESIAN_POINT('',(-0.002016151687375,0.0131143109334734,0.0118176121461375));
#1027=CARTESIAN_POINT('',(-0.00208392999700013,0.0122093039992861,0.0117759519649448));
#1028=CARTESIAN_POINT('',(-0.00220805158440914,0.0117614466880957,0.0117551017805133));
#1029=CARTESIAN_POINT('',(-0.00262081712624241,0.0109440292294988,0.0117134416171024));
#1030=CARTESIAN_POINT('',(-0.00290950474210857,0.0105745242392965,0.0116925915949574));
#1031=CARTESIAN_POINT('',(-0.00360995766563926,0.00997206138714574,0.0116509314480928));
#1032=CARTESIAN_POINT('',(-0.0040217397127918,0.00973917317573277,0.0116300815851688));
#1033=CARTESIAN_POINT('',(-0.00490724251733293,0.00944820322876774,0.011588421453108));
#1034=CARTESIAN_POINT('',(-0.00538094902559737,0.00939019312770189,0.0115675717465299));
#1035=CARTESIAN_POINT('',(-0.00631854296546144,0.00946099651879422,0.0115259116279585));
#1036=CARTESIAN_POINT('',(-0.0067823866546801,0.009589870382174,0.0115050620746462));
#1037=CARTESIAN_POINT('',(-0.00762875160620909,0.0100179037028031,0.0114634019685235));
#1038=CARTESIAN_POINT('',(-0.0080112065651024,0.0103171006556697,0.0114425525656347));
#1039=CARTESIAN_POINT('',(-0.00863456856934718,0.0110427386192874,0.0114008924704453));
#1040=CARTESIAN_POINT('',(-0.00887539802282131,0.0114691864081761,0.0113800432151776));
#1041=CARTESIAN_POINT('',(-0.00913845608915209,0.0122713595217477,0.0113435906407078));
#1042=CARTESIAN_POINT('',(-0.00920054136392445,0.0126330367445162,0.0113279516535054));
#1043=CARTESIAN_POINT('',(-0.0092086449296489,0.0129970898932806,0.0113123319012261));
#1044=CARTESIAN_POINT('',(-0.00925,0.013,0.012));
#1045=CARTESIAN_POINT('',(-0.00925260416662367,0.0131227184619515,0.0119947916668349));
#1046=CARTESIAN_POINT('',(-0.00924917955236486,0.0132456930025286,0.0119895833333337));
#1047=CARTESIAN_POINT('',(-0.00920186979344514,0.0138588789623181,0.0119635416666653));
#1048=CARTESIAN_POINT('',(-0.00906627457671515,0.0143438203272393,0.0119427083333328));
#1049=CARTESIAN_POINT('',(-0.008617034907755,0.0152284833073293,0.0119010416666672));
#1050=CARTESIAN_POINT('',(-0.00830353772418632,0.0156278432523345,0.0118802083333335));
#1051=CARTESIAN_POINT('',(-0.0075436236265149,0.0162784395409298,0.0118385416666665));
#1052=CARTESIAN_POINT('',(-0.00709748439057928,0.0165293952330102,0.0118177083333326));
#1053=CARTESIAN_POINT('',(-0.00613861439763669,0.0168420359304734,0.0117760416666674));
#1054=CARTESIAN_POINT('',(-0.00562624992873666,0.0169035673005841,0.0117552083333336));
#1055=CARTESIAN_POINT('',(-0.00461258532087908,0.0168246640810604,0.0117135416666664));
#1056=CARTESIAN_POINT('',(-0.00411168564150094,0.0166842280295413,0.0116927083333335));
#1057=CARTESIAN_POINT('',(-0.00319816141472073,0.01621956170464,0.0116510416666665));
#1058=CARTESIAN_POINT('',(-0.00278591023138647,0.0158954848415763,0.0116302083333322));
#1059=CARTESIAN_POINT('',(-0.00211455388495706,0.01511027437387,0.0115885416666678));
#1060=CARTESIAN_POINT('',(-0.00185573699212786,0.0146494278610417,0.0115677083333333));
#1061=CARTESIAN_POINT('',(-0.00153359675718198,0.0136592420842714,0.0115260416666667));
#1062=CARTESIAN_POINT('',(-0.00147043080771069,0.013130281443593,0.0115052083333333));
#1063=CARTESIAN_POINT('',(-0.00155254163062737,0.0120840495084011,0.0114635416666667));
#1064=CARTESIAN_POINT('',(-0.00169781860771238,0.0115671914391556,0.0114427083333327));
#1065=CARTESIAN_POINT('',(-0.00217791134834278,0.0106248064219065,0.0114010416666673));
#1066=CARTESIAN_POINT('',(-0.00251256765486778,0.0101996641508078,0.0113802083333337));
#1067=CARTESIAN_POINT('',(-0.00332307481867887,0.0095075473444956,0.0113385416666663));
#1068=CARTESIAN_POINT('',(-0.0037986286685014,0.00924086921726389,0.011317708333334));
#1069=CARTESIAN_POINT('',(-0.0048201302290883,0.00890922944483934,0.011276041666666));
#1070=CARTESIAN_POINT('',(-0.00536568704156424,0.00884442891600415,0.0112552083333343));
#1071=CARTESIAN_POINT('',(-0.00644448630406334,0.00892974734231651,0.0112135416666657));
#1072=CARTESIAN_POINT('',(-0.00697730276320087,0.00907986524497027,0.0111927083333339));
#1073=CARTESIAN_POINT('',(-0.00794854857089663,0.00957538440132137,0.0111510416666661));
#1074=CARTESIAN_POINT('',(-0.00838658192977768,0.0099206201513194,0.0111302083333327));
#1075=CARTESIAN_POINT('',(-0.00909945919595897,0.0107564240112201,0.0110885416666672));
#1076=CARTESIAN_POINT('',(-0.00937399855760692,0.0112466851980566,0.0110677083333326));
#1077=CARTESIAN_POINT('',(-0.00967249545376027,0.0121679003743885,0.0110312500000006));
#1078=CARTESIAN_POINT('',(-0.00974218689169521,0.0125827247733887,0.0110156262149933));
#1079=CARTESIAN_POINT('',(-0.00975,0.013,0.011));
#1080=CARTESIAN_POINT('',(-0.00897936706250001,0.013,0.01215625));
#1081=CARTESIAN_POINT('',(-0.00870873412500001,0.013,0.0123125));
#1082=CARTESIAN_POINT('',(-0.00870873412500001,0.013,0.0123125));
#1083=CARTESIAN_POINT('',(-0.00871133783602938,0.0131049743001351,0.0123072908587453));
#1084=CARTESIAN_POINT('',(-0.00870878189584821,0.0132102467820255,0.0123020793990792));
#1085=CARTESIAN_POINT('',(-0.00867017894745782,0.013735140184338,0.0122760416545682));
#1086=CARTESIAN_POINT('',(-0.00855554396877372,0.0141510192582795,0.0122551897697786));
#1087=CARTESIAN_POINT('',(-0.00817328280019751,0.0149105243088829,0.0122135297407699));
#1088=CARTESIAN_POINT('',(-0.0079056003803454,0.0152541179545038,0.0121926789596807));
#1089=CARTESIAN_POINT('',(-0.00725549478325427,0.015814755452741,0.0121510179955727));
#1090=CARTESIAN_POINT('',(-0.00687303598213585,0.0160317454803542,0.0121301666987713));
#1091=CARTESIAN_POINT('',(-0.00605005631899395,0.0163033470953622,0.0120885067047788));
#1092=CARTESIAN_POINT('',(-0.00560952516981954,0.0163578937588633,0.0120676555087517));
#1093=CARTESIAN_POINT('',(-0.00473710643964969,0.0162931287338424,0.0120259952386886));
#1094=CARTESIAN_POINT('',(-0.00430523727673769,0.0161737537107579,0.0120051443729186));
#1095=CARTESIAN_POINT('',(-0.00351677280380973,0.0157762457500739,0.0119634841278601));
#1096=CARTESIAN_POINT('',(-0.00316022151611184,0.0154980629780215,0.0119426334373013));
#1097=CARTESIAN_POINT('',(-0.0025786665880773,0.0148227879443738,0.0119009732154386));
#1098=CARTESIAN_POINT('',(-0.00235372467003471,0.014425668979466,0.0118801226968067));
#1099=CARTESIAN_POINT('',(-0.00207243315990811,0.0135714294695178,0.0118384624960664));
#1100=CARTESIAN_POINT('',(-0.002016151687375,0.0131143109334734,0.0118176121461375));
#1101=CARTESIAN_POINT('',(-0.00208392999700013,0.0122093039992861,0.0117759519649448));
#1102=CARTESIAN_POINT('',(-0.00220805158440914,0.0117614466880957,0.0117551017805133));
#1103=CARTESIAN_POINT('',(-0.00262081712624241,0.0109440292294988,0.0117134416171024));
#1104=CARTESIAN_POINT('',(-0.00290950474210857,0.0105745242392965,0.0116925915949574));
#1105=CARTESIAN_POINT('',(-0.00360995766563926,0.00997206138714574,0.0116509314480928));
#1106=CARTESIAN_POINT('',(-0.0040217397127918,0.00973917317573277,0.0116300815851688));
#1107=CARTESIAN_POINT('',(-0.00490724251733293,0.00944820322876774,0.011588421453108));
#1108=CARTESIAN_POINT('',(-0.00538094902559737,0.00939019312770189,0.0115675717465299));
#1109=CARTESIAN_POINT('',(-0.00631854296546144,0.00946099651879422,0.0115259116279585));
#1110=CARTESIAN_POINT('',(-0.0067823866546801,0.009589870382174,0.0115050620746462));
#1111=CARTESIAN_POINT('',(-0.00762875160620909,0.0100179037028031,0.0114634019685235));
#1112=CARTESIAN_POINT('',(-0.0080112065651024,0.0103171006556697,0.0114425525656347));
#1113=CARTESIAN_POINT('',(-0.00863456856934718,0.0110427386192874,0.0114008924704453));
#1114=CARTESIAN_POINT('',(-0.00887539802282131,0.0114691864081761,0.0113800432151776));
#1115=CARTESIAN_POINT('',(-0.00913845608915209,0.0122713595217477,0.0113435906407078));
#1116=CARTESIAN_POINT('',(-0.00920054136392445,0.0126330367445162,0.0113279516535054));
#1117=CARTESIAN_POINT('',(-0.0092086449296489,0.0129970898932806,0.0113123319012261));
#1118=CARTESIAN_POINT('',(-0.00925,0.013,0.012));
#1119=CARTESIAN_POINT('',(-0.00925000000000001,0.0108349364905389,0.0120833333333333));
#1120=CARTESIAN_POINT('',(-0.007375,0.00975240473580835,0.0121666666666667));
#1121=CARTESIAN_POINT('',(-0.00550000000000001,0.0086698729810778,0.01225));
#1122=CARTESIAN_POINT('',(-0.003625,0.00975240473580835,0.0123333333333333));
#1123=CARTESIAN_POINT('',(-0.00175000000000001,0.0108349364905389,0.0124166666666667));
#1124=CARTESIAN_POINT('',(-0.00175,0.013,0.0125));
#1125=CARTESIAN_POINT('',(-0.00175000000000001,0.0151650635094611,0.0125833333333333));
#1126=CARTESIAN_POINT('',(-0.003625,0.0162475952641917,0.0126666666666667));
#1127=CARTESIAN_POINT('',(-0.00550000000000001,0.0173301270189222,0.01275));
#1128=CARTESIAN_POINT('',(-0.007375,0.0162475952641917,0.0128333333333333));
#1129=CARTESIAN_POINT('',(-0.00925,0.0151650635094611,0.0129166666666667));
#1130=CARTESIAN_POINT('',(-0.00925,0.013,0.013));
#1131=CARTESIAN_POINT('',(-0.00925000000000001,0.0108349364905389,0.0130833333333333));
#1132=CARTESIAN_POINT('',(-0.007375,0.00975240473580835,0.0131666666666667));
#1133=CARTESIAN_POINT('',(-0.00550000000000001,0.0086698729810778,0.01325));
#1134=CARTESIAN_POINT('',(-0.003625,0.00975240473580835,0.0133333333333333));
#1135=CARTESIAN_POINT('',(-0.00175000000000001,0.0108349364905389,0.0134166666666667));
#1136=CARTESIAN_POINT('',(-0.00175,0.013,0.0135));
#1137=CARTESIAN_POINT('',(-0.00175000000000001,0.0151650635094611,0.0135833333333333));
#1138=CARTESIAN_POINT('',(-0.003625,0.0162475952641917,0.0136666666666667));
#1139=CARTESIAN_POINT('',(-0.00550000000000001,0.0173301270189222,0.01375));
#1140=CARTESIAN_POINT('',(-0.007375,0.0162475952641917,0.0138333333333333));
#1141=CARTESIAN_POINT('',(-0.00925,0.0151650635094611,0.0139166666666667));
#1142=CARTESIAN_POINT('',(-0.00925,0.013,0.014));
#1143=CARTESIAN_POINT('',(-0.00925000000000001,0.0108349364905389,0.0140833333333333));
#1144=CARTESIAN_POINT('',(-0.007375,0.00975240473580835,0.0141666666666667));
#1145=CARTESIAN_POINT('',(-0.00550000000000001,0.0086698729810778,0.01425));
#1146=CARTESIAN_POINT('',(-0.003625,0.00975240473580835,0.0143333333333333));
#1147=CARTESIAN_POINT('',(-0.00175000000000001,0.0108349364905389,0.0144166666666667));
#1148=CARTESIAN_POINT('',(-0.00175,0.013,0.0145));
#1149=CARTESIAN_POINT('',(-0.00175000000000001,0.0151650635094611,0.0145833333333333));
#1150=CARTESIAN_POINT('',(-0.003625,0.0162475952641917,0.0146666666666667));
#1151=CARTESIAN_POINT('',(-0.00550000000000001,0.0173301270189222,0.01475));
#1152=CARTESIAN_POINT('',(-0.007375,0.0162475952641917,0.0148333333333333));
#1153=CARTESIAN_POINT('',(-0.00925,0.0151650635094611,0.0149166666666667));
#1154=CARTESIAN_POINT('',(-0.00925,0.013,0.015));
#1155=CARTESIAN_POINT('',(-0.00925000000000001,0.0108349364905389,0.0150833333333333));
#1156=CARTESIAN_POINT('',(-0.007375,0.00975240473580835,0.0151666666666666));
#1157=CARTESIAN_POINT('',(-0.00550000000000001,0.0086698729810778,0.01525));
#1158=CARTESIAN_POINT('',(-0.003625,0.00975240473580835,0.0153333333333333));
#1159=CARTESIAN_POINT('',(-0.00175000000000001,0.0108349364905389,0.0154166666666667));
#1160=CARTESIAN_POINT('',(-0.00175,0.013,0.0155));
#1161=CARTESIAN_POINT('',(-0.00175000000000001,0.0151650635094611,0.0155833333333333));
#1162=CARTESIAN_POINT('',(-0.003625,0.0162475952641917,0.0156666666666666));
#1163=CARTESIAN_POINT('',(-0.00550000000000001,0.0173301270189222,0.01575));
#1164=CARTESIAN_POINT('',(-0.007375,0.0162475952641917,0.0158333333333334));
#1165=CARTESIAN_POINT('',(-0.00925,0.0151650635094611,0.0159166666666667));
#1166=CARTESIAN_POINT('',(-0.00925,0.013,0.016));
#1167=CARTESIAN_POINT('',(-0.00925,0.0127246885983222,0.0160105967407913));
#1168=CARTESIAN_POINT('',(-0.00920979199017965,0.0124523291229224,0.0160219733732165));
#1169=CARTESIAN_POINT('',(-0.00870873412500001,0.013,0.0123125));
#1170=CARTESIAN_POINT('',(-0.008708734125,0.0111474364891733,0.0123958333333333));
#1171=CARTESIAN_POINT('',(-0.00710436706250001,0.01022115473376,0.0124791666666667));
#1172=CARTESIAN_POINT('',(-0.00550000000000001,0.00929487297834662,0.0125625));
#1173=CARTESIAN_POINT('',(-0.00389563293750001,0.01022115473376,0.0126458333333333));
#1174=CARTESIAN_POINT('',(-0.00229126587500001,0.0111474364891733,0.0127291666666667));
#1175=CARTESIAN_POINT('',(-0.00229126587500001,0.013,0.0128125));
#1176=CARTESIAN_POINT('',(-0.00229126587500001,0.0148525635108267,0.0128958333333333));
#1177=CARTESIAN_POINT('',(-0.00389563293750001,0.0157788452662401,0.0129791666666667));
#1178=CARTESIAN_POINT('',(-0.00550000000000001,0.0167051270216534,0.0130625));
#1179=CARTESIAN_POINT('',(-0.00710436706250001,0.0157788452662401,0.0131458333333333));
#1180=CARTESIAN_POINT('',(-0.008708734125,0.0148525635108267,0.0132291666666667));
#1181=CARTESIAN_POINT('',(-0.00870873412500001,0.013,0.0133125));
#1182=CARTESIAN_POINT('',(-0.008708734125,0.0111474364891733,0.0133958333333333));
#1183=CARTESIAN_POINT('',(-0.00710436706250001,0.01022115473376,0.0134791666666667));
#1184=CARTESIAN_POINT('',(-0.00550000000000001,0.00929487297834662,0.0135625));
#1185=CARTESIAN_POINT('',(-0.00389563293750001,0.01022115473376,0.0136458333333333));
#1186=CARTESIAN_POINT('',(-0.00229126587500001,0.0111474364891733,0.0137291666666667));
#1187=CARTESIAN_POINT('',(-0.00229126587500001,0.013,0.0138125));
#1188=CARTESIAN_POINT('',(-0.00229126587500001,0.0148525635108267,0.0138958333333333));
#1189=CARTESIAN_POINT('',(-0.00389563293750001,0.0157788452662401,0.0139791666666667));
#1190=CARTESIAN_POINT('',(-0.00550000000000001,0.0167051270216534,0.0140625));
#1191=CARTESIAN_POINT('',(-0.00710436706250001,0.0157788452662401,0.0141458333333333));
#1192=CARTESIAN_POINT('',(-0.008708734125,0.0148525635108267,0.0142291666666667));
#1193=CARTESIAN_POINT('',(-0.00870873412500001,0.013,0.0143125));
#1194=CARTESIAN_POINT('',(-0.008708734125,0.0111474364891733,0.0143958333333333));
#1195=CARTESIAN_POINT('',(-0.00710436706250001,0.01022115473376,0.0144791666666667));
#1196=CARTESIAN_POINT('',(-0.00550000000000001,0.00929487297834662,0.0145625));
#1197=CARTESIAN_POINT('',(-0.00389563293750001,0.01022115473376,0.0146458333333333));
#1198=CARTESIAN_POINT('',(-0.00229126587500001,0.0111474364891733,0.0147291666666667));
#1199=CARTESIAN_POINT('',(-0.00229126587500001,0.013,0.0148125));
#1200=CARTESIAN_POINT('',(-0.00229126587500001,0.0148525635108267,0.0148958333333333));
#1201=CARTESIAN_POINT('',(-0.00389563293750001,0.0157788452662401,0.0149791666666667));
#1202=CARTESIAN_POINT('',(-0.00550000000000001,0.0167051270216534,0.0150625));
#1203=CARTESIAN_POINT('',(-0.00710436706250001,0.0157788452662401,0.0151458333333333));
#1204=CARTESIAN_POINT('',(-0.008708734125,0.0148525635108267,0.0152291666666667));
#1205=CARTESIAN_POINT('',(-0.00870873412500001,0.013,0.0153125));
#1206=CARTESIAN_POINT('',(-0.008708734125,0.0111474364891733,0.0153958333333333));
#1207=CARTESIAN_POINT('',(-0.00710436706250001,0.01022115473376,0.0154791666666666));
#1208=CARTESIAN_POINT('',(-0.00550000000000001,0.00929487297834662,0.0155625));
#1209=CARTESIAN_POINT('',(-0.00389563293750001,0.01022115473376,0.0156458333333334));
#1210=CARTESIAN_POINT('',(-0.00229126587500001,0.0111474364891733,0.0157291666666666));
#1211=CARTESIAN_POINT('',(-0.00229126587500001,0.013,0.0158125));
#1212=CARTESIAN_POINT('',(-0.00229126587500001,0.0148525635108267,0.0158958333333333));
#1213=CARTESIAN_POINT('',(-0.00389563293750001,0.0157788452662401,0.0159791666666666));
#1214=CARTESIAN_POINT('',(-0.00550000000000001,0.0167051270216534,0.0160625));
#1215=CARTESIAN_POINT('',(-0.00710436706250001,0.0157788452662401,0.0161458333333334));
#1216=CARTESIAN_POINT('',(-0.008708734125,0.0148525635108267,0.0162291666666666));
#1217=CARTESIAN_POINT('',(-0.00870873412500001,0.013,0.0163125));
#1218=CARTESIAN_POINT('',(-0.00870873412500001,0.012764426376116,0.0163230967407913));
#1219=CARTESIAN_POINT('',(-0.00867432964147764,0.012531378604654,0.0163344733732165));
#1220=CARTESIAN_POINT('',(-0.00870873412500001,0.013,0.0123125));
#1221=CARTESIAN_POINT('',(-0.008708734125,0.0111474364891733,0.0123958333333333));
#1222=CARTESIAN_POINT('',(-0.00710436706250001,0.01022115473376,0.0124791666666667));
#1223=CARTESIAN_POINT('',(-0.00550000000000001,0.00929487297834662,0.0125625));
#1224=CARTESIAN_POINT('',(-0.00389563293750001,0.01022115473376,0.0126458333333333));
#1225=CARTESIAN_POINT('',(-0.00229126587500001,0.0111474364891733,0.0127291666666667));
#1226=CARTESIAN_POINT('',(-0.00229126587500001,0.013,0.0128125));
#1227=CARTESIAN_POINT('',(-0.00229126587500001,0.0148525635108267,0.0128958333333333));
#1228=CARTESIAN_POINT('',(-0.00389563293750001,0.0157788452662401,0.0129791666666667));
#1229=CARTESIAN_POINT('',(-0.00550000000000001,0.0167051270216534,0.0130625));
#1230=CARTESIAN_POINT('',(-0.00710436706250001,0.0157788452662401,0.0131458333333333));
#1231=CARTESIAN_POINT('',(-0.008708734125,0.0148525635108267,0.0132291666666667));
#1232=CARTESIAN_POINT('',(-0.00870873412500001,0.013,0.0133125));
#1233=CARTESIAN_POINT('',(-0.008708734125,0.0111474364891733,0.0133958333333333));
#1234=CARTESIAN_POINT('',(-0.00710436706250001,0.01022115473376,0.0134791666666667));
#1235=CARTESIAN_POINT('',(-0.00550000000000001,0.00929487297834662,0.0135625));
#1236=CARTESIAN_POINT('',(-0.00389563293750001,0.01022115473376,0.0136458333333333));
#1237=CARTESIAN_POINT('',(-0.00229126587500001,0.0111474364891733,0.0137291666666667));
#1238=CARTESIAN_POINT('',(-0.00229126587500001,0.013,0.0138125));
#1239=CARTESIAN_POINT('',(-0.002291265875,0.0148525635108267,0.0138958333333333));
#1240=CARTESIAN_POINT('',(-0.00389563293750001,0.0157788452662401,0.0139791666666667));
#1241=CARTESIAN_POINT('',(-0.00550000000000001,0.0167051270216534,0.0140625));
#1242=CARTESIAN_POINT('',(-0.00710436706250001,0.0157788452662401,0.0141458333333333));
#1243=CARTESIAN_POINT('',(-0.008708734125,0.0148525635108267,0.0142291666666667));
#1244=CARTESIAN_POINT('',(-0.00870873412500001,0.013,0.0143125));
#1245=CARTESIAN_POINT('',(-0.008708734125,0.0111474364891733,0.0143958333333333));
#1246=CARTESIAN_POINT('',(-0.00710436706250001,0.01022115473376,0.0144791666666667));
#1247=CARTESIAN_POINT('',(-0.00550000000000002,0.00929487297834662,0.0145625));
#1248=CARTESIAN_POINT('',(-0.00389563293750001,0.01022115473376,0.0146458333333333));
#1249=CARTESIAN_POINT('',(-0.00229126587500001,0.0111474364891733,0.0147291666666667));
#1250=CARTESIAN_POINT('',(-0.00229126587500001,0.013,0.0148125));
#1251=CARTESIAN_POINT('',(-0.002291265875,0.0148525635108267,0.0148958333333333));
#1252=CARTESIAN_POINT('',(-0.00389563293750001,0.0157788452662401,0.0149791666666667));
#1253=CARTESIAN_POINT('',(-0.0055,0.0167051270216534,0.0150625));
#1254=CARTESIAN_POINT('',(-0.0071043670625,0.0157788452662401,0.0151458333333333));
#1255=CARTESIAN_POINT('',(-0.008708734125,0.0148525635108267,0.0152291666666667));
#1256=CARTESIAN_POINT('',(-0.00870873412500001,0.013,0.0153125));
#1257=CARTESIAN_POINT('',(-0.008708734125,0.0111474364891733,0.0153958333333333));
#1258=CARTESIAN_POINT('',(-0.00710436706250001,0.01022115473376,0.0154791666666666));
#1259=CARTESIAN_POINT('',(-0.00550000000000002,0.00929487297834662,0.0155625));
#1260=CARTESIAN_POINT('',(-0.00389563293750002,0.01022115473376,0.0156458333333334));
#1261=CARTESIAN_POINT('',(-0.00229126587500002,0.0111474364891733,0.0157291666666666));
#1262=CARTESIAN_POINT('',(-0.00229126587500001,0.013,0.0158125));
#1263=CARTESIAN_POINT('',(-0.002291265875,0.0148525635108267,0.0158958333333333));
#1264=CARTESIAN_POINT('',(-0.00389563293750001,0.0157788452662401,0.0159791666666666));
#1265=CARTESIAN_POINT('',(-0.0055,0.0167051270216534,0.0160625));
#1266=CARTESIAN_POINT('',(-0.0071043670625,0.0157788452662401,0.0161458333333334));
#1267=CARTESIAN_POINT('',(-0.008708734125,0.0148525635108267,0.0162291666666666));
#1268=CARTESIAN_POINT('',(-0.00870873412500001,0.013,0.0163125));
#1269=CARTESIAN_POINT('',(-0.00870873412500001,0.0111474364891733,0.0163958333333333));
#1270=CARTESIAN_POINT('',(-0.00710436706250001,0.01022115473376,0.0164791666666666));
#1271=CARTESIAN_POINT('',(-0.00550000000000002,0.00929487297834662,0.0165625));
#1272=CARTESIAN_POINT('',(-0.00389563293750002,0.01022115473376,0.0166458333333333));
#1273=CARTESIAN_POINT('',(-0.00229126587500002,0.0111474364891733,0.0167291666666666));
#1274=CARTESIAN_POINT('',(-0.00229126587500001,0.013,0.0168125));
#1275=CARTESIAN_POINT('',(-0.002291265875,0.0148525635108267,0.0168958333333333));
#1276=CARTESIAN_POINT('',(-0.0038956329375,0.0157788452662401,0.0169791666666666));
#1277=CARTESIAN_POINT('',(-0.0055,0.0167051270216534,0.0170625));
#1278=CARTESIAN_POINT('',(-0.0071043670625,0.0157788452662401,0.0171458333333333));
#1279=CARTESIAN_POINT('',(-0.008708734125,0.0148525635108267,0.0172291666666667));
#1280=CARTESIAN_POINT('',(-0.00870873412500001,0.013,0.0173125));
#1281=CARTESIAN_POINT('',(-0.00870873412500001,0.013,0.0125625));
#1282=CARTESIAN_POINT('',(-0.008708734125,0.0111474364891733,0.0126458333333333));
#1283=CARTESIAN_POINT('',(-0.00710436706250001,0.01022115473376,0.0127291666666667));
#1284=CARTESIAN_POINT('',(-0.00550000000000001,0.00929487297834662,0.0128125));
#1285=CARTESIAN_POINT('',(-0.00389563293750001,0.01022115473376,0.0128958333333333));
#1286=CARTESIAN_POINT('',(-0.00229126587500001,0.0111474364891733,0.0129791666666667));
#1287=CARTESIAN_POINT('',(-0.00229126587500001,0.013,0.0130625));
#1288=CARTESIAN_POINT('',(-0.00229126587500001,0.0148525635108267,0.0131458333333333));
#1289=CARTESIAN_POINT('',(-0.00389563293750001,0.0157788452662401,0.0132291666666667));
#1290=CARTESIAN_POINT('',(-0.00550000000000001,0.0167051270216534,0.0133125));
#1291=CARTESIAN_POINT('',(-0.00710436706250001,0.0157788452662401,0.0133958333333333));
#1292=CARTESIAN_POINT('',(-0.008708734125,0.0148525635108267,0.0134791666666667));
#1293=CARTESIAN_POINT('',(-0.00870873412500001,0.013,0.0135625));
#1294=CARTESIAN_POINT('',(-0.008708734125,0.0111474364891733,0.0136458333333333));
#1295=CARTESIAN_POINT('',(-0.00710436706250001,0.01022115473376,0.0137291666666667));
#1296=CARTESIAN_POINT('',(-0.00550000000000001,0.00929487297834662,0.0138125));
#1297=CARTESIAN_POINT('',(-0.00389563293750001,0.01022115473376,0.0138958333333333));
#1298=CARTESIAN_POINT('',(-0.00229126587500001,0.0111474364891733,0.0139791666666667));
#1299=CARTESIAN_POINT('',(-0.00229126587500001,0.013,0.0140625));
#1300=CARTESIAN_POINT('',(-0.00229126587500001,0.0148525635108267,0.0141458333333333));
#1301=CARTESIAN_POINT('',(-0.00389563293750001,0.0157788452662401,0.0142291666666667));
#1302=CARTESIAN_POINT('',(-0.00550000000000001,0.0167051270216534,0.0143125));
#1303=CARTESIAN_POINT('',(-0.00710436706250001,0.0157788452662401,0.0143958333333333));
#1304=CARTESIAN_POINT('',(-0.008708734125,0.0148525635108267,0.0144791666666667));
#1305=CARTESIAN_POINT('',(-0.00870873412500001,0.013,0.0145625));
#1306=CARTESIAN_POINT('',(-0.008708734125,0.0111474364891733,0.0146458333333333));
#1307=CARTESIAN_POINT('',(-0.00710436706250001,0.01022115473376,0.0147291666666667));
#1308=CARTESIAN_POINT('',(-0.00550000000000001,0.00929487297834662,0.0148125));
#1309=CARTESIAN_POINT('',(-0.00389563293750001,0.01022115473376,0.0148958333333333));
#1310=CARTESIAN_POINT('',(-0.00229126587500001,0.0111474364891733,0.0149791666666667));
#1311=CARTESIAN_POINT('',(-0.00229126587500001,0.013,0.0150625));
#1312=CARTESIAN_POINT('',(-0.00229126587500001,0.0148525635108267,0.0151458333333333));
#1313=CARTESIAN_POINT('',(-0.00389563293750001,0.0157788452662401,0.0152291666666666));
#1314=CARTESIAN_POINT('',(-0.00550000000000001,0.0167051270216534,0.0153125));
#1315=CARTESIAN_POINT('',(-0.00710436706250001,0.0157788452662401,0.0153958333333333));
#1316=CARTESIAN_POINT('',(-0.008708734125,0.0148525635108267,0.0154791666666667));
#1317=CARTESIAN_POINT('',(-0.00870873412500001,0.013,0.0155625));
#1318=CARTESIAN_POINT('',(-0.008708734125,0.0111474364891733,0.0156458333333333));
#1319=CARTESIAN_POINT('',(-0.00710436706250001,0.01022115473376,0.0157291666666666));
#1320=CARTESIAN_POINT('',(-0.00550000000000001,0.00929487297834662,0.0158125));
#1321=CARTESIAN_POINT('',(-0.00389563293750001,0.01022115473376,0.0158958333333334));
#1322=CARTESIAN_POINT('',(-0.00275295812035172,0.0108808783470367,0.0159551856496796));
#1323=CARTESIAN_POINT('',(-0.00240491174852611,0.0121535938324139,0.0160214748818359));
#1324=CARTESIAN_POINT('',(-0.00925,0.013,0.012875));
#1325=CARTESIAN_POINT('',(-0.00925000000000001,0.0108349364905389,0.0129583333333333));
#1326=CARTESIAN_POINT('',(-0.007375,0.00975240473580835,0.0130416666666667));
#1327=CARTESIAN_POINT('',(-0.00550000000000001,0.0086698729810778,0.013125));
#1328=CARTESIAN_POINT('',(-0.003625,0.00975240473580835,0.0132083333333333));
#1329=CARTESIAN_POINT('',(-0.00175000000000001,0.0108349364905389,0.0132916666666667));
#1330=CARTESIAN_POINT('',(-0.00175,0.013,0.013375));
#1331=CARTESIAN_POINT('',(-0.00175000000000001,0.0151650635094611,0.0134583333333333));
#1332=CARTESIAN_POINT('',(-0.003625,0.0162475952641917,0.0135416666666667));
#1333=CARTESIAN_POINT('',(-0.00550000000000001,0.0173301270189222,0.013625));
#1334=CARTESIAN_POINT('',(-0.007375,0.0162475952641917,0.0137083333333333));
#1335=CARTESIAN_POINT('',(-0.00925,0.0151650635094611,0.0137916666666667));
#1336=CARTESIAN_POINT('',(-0.00925,0.013,0.013875));
#1337=CARTESIAN_POINT('',(-0.00925000000000001,0.0108349364905389,0.0139583333333333));
#1338=CARTESIAN_POINT('',(-0.007375,0.00975240473580835,0.0140416666666667));
#1339=CARTESIAN_POINT('',(-0.00550000000000001,0.0086698729810778,0.014125));
#1340=CARTESIAN_POINT('',(-0.003625,0.00975240473580835,0.0142083333333333));
#1341=CARTESIAN_POINT('',(-0.00175000000000001,0.0108349364905389,0.0142916666666667));
#1342=CARTESIAN_POINT('',(-0.00175,0.013,0.014375));
#1343=CARTESIAN_POINT('',(-0.00175000000000001,0.0151650635094611,0.0144583333333333));
#1344=CARTESIAN_POINT('',(-0.003625,0.0162475952641917,0.0145416666666667));
#1345=CARTESIAN_POINT('',(-0.00550000000000001,0.0173301270189222,0.014625));
#1346=CARTESIAN_POINT('',(-0.007375,0.0162475952641917,0.0147083333333333));
#1347=CARTESIAN_POINT('',(-0.00925,0.0151650635094611,0.0147916666666667));
#1348=CARTESIAN_POINT('',(-0.00925,0.013,0.014875));
#1349=CARTESIAN_POINT('',(-0.00925000000000001,0.0108349364905389,0.0149583333333333));
#1350=CARTESIAN_POINT('',(-0.007375,0.00975240473580835,0.0150416666666666));
#1351=CARTESIAN_POINT('',(-0.00550000000000001,0.0086698729810778,0.015125));
#1352=CARTESIAN_POINT('',(-0.003625,0.00975240473580835,0.0152083333333333));
#1353=CARTESIAN_POINT('',(-0.00175000000000001,0.0108349364905389,0.0152916666666667));
#1354=CARTESIAN_POINT('',(-0.00175,0.013,0.015375));
#1355=CARTESIAN_POINT('',(-0.00175000000000001,0.0151650635094611,0.0154583333333333));
#1356=CARTESIAN_POINT('',(-0.003625,0.0162475952641917,0.0155416666666666));
#1357=CARTESIAN_POINT('',(-0.00550000000000001,0.0173301270189222,0.015625));
#1358=CARTESIAN_POINT('',(-0.007375,0.0162475952641917,0.0157083333333334));
#1359=CARTESIAN_POINT('',(-0.00925,0.0151650635094611,0.0157916666666667));
#1360=CARTESIAN_POINT('',(-0.00925,0.013,0.015875));
#1361=CARTESIAN_POINT('',(-0.00925000000000001,0.0108349364905389,0.0159583333333333));
#1362=CARTESIAN_POINT('',(-0.007375,0.00975240473580835,0.0160416666666666));
#1363=CARTESIAN_POINT('',(-0.00550000000000001,0.0086698729810778,0.016125));
#1364=CARTESIAN_POINT('',(-0.003625,0.00975240473580835,0.0162083333333334));
#1365=CARTESIAN_POINT('',(-0.0022895728822091,0.0105234139417481,0.0162676856496796));
#1366=CARTESIAN_POINT('',(-0.00188281624750474,0.0120108176605477,0.0163339748818359));
#1367=CARTESIAN_POINT('',(-0.00870873412500001,0.013,0.0125625));
#1368=CARTESIAN_POINT('',(-0.008708734125,0.0111474364891733,0.0126458333333333));
#1369=CARTESIAN_POINT('',(-0.00710436706250001,0.01022115473376,0.0127291666666667));
#1370=CARTESIAN_POINT('',(-0.00550000000000001,0.00929487297834662,0.0128125));
#1371=CARTESIAN_POINT('',(-0.00389563293750001,0.01022115473376,0.0128958333333333));
#1372=CARTESIAN_POINT('',(-0.00229126587500001,0.0111474364891733,0.0129791666666667));
#1373=CARTESIAN_POINT('',(-0.00229126587500001,0.013,0.0130625));
#1374=CARTESIAN_POINT('',(-0.00229126587500001,0.0148525635108267,0.0131458333333333));
#1375=CARTESIAN_POINT('',(-0.00389563293750001,0.0157788452662401,0.0132291666666667));
#1376=CARTESIAN_POINT('',(-0.00550000000000001,0.0167051270216534,0.0133125));
#1377=CARTESIAN_POINT('',(-0.00710436706250001,0.0157788452662401,0.0133958333333333));
#1378=CARTESIAN_POINT('',(-0.008708734125,0.0148525635108267,0.0134791666666667));
#1379=CARTESIAN_POINT('',(-0.00870873412500001,0.013,0.0135625));
#1380=CARTESIAN_POINT('',(-0.008708734125,0.0111474364891733,0.0136458333333333));
#1381=CARTESIAN_POINT('',(-0.00710436706250001,0.01022115473376,0.0137291666666667));
#1382=CARTESIAN_POINT('',(-0.00550000000000001,0.00929487297834662,0.0138125));
#1383=CARTESIAN_POINT('',(-0.00389563293750001,0.01022115473376,0.0138958333333333));
#1384=CARTESIAN_POINT('',(-0.00229126587500001,0.0111474364891733,0.0139791666666667));
#1385=CARTESIAN_POINT('',(-0.00229126587500001,0.013,0.0140625));
#1386=CARTESIAN_POINT('',(-0.002291265875,0.0148525635108267,0.0141458333333333));
#1387=CARTESIAN_POINT('',(-0.00389563293750001,0.0157788452662401,0.0142291666666667));
#1388=CARTESIAN_POINT('',(-0.00550000000000001,0.0167051270216534,0.0143125));
#1389=CARTESIAN_POINT('',(-0.00710436706250001,0.0157788452662401,0.0143958333333333));
#1390=CARTESIAN_POINT('',(-0.008708734125,0.0148525635108267,0.0144791666666667));
#1391=CARTESIAN_POINT('',(-0.00870873412500001,0.013,0.0145625));
#1392=CARTESIAN_POINT('',(-0.008708734125,0.0111474364891733,0.0146458333333333));
#1393=CARTESIAN_POINT('',(-0.00710436706250001,0.01022115473376,0.0147291666666667));
#1394=CARTESIAN_POINT('',(-0.00550000000000002,0.00929487297834662,0.0148125));
#1395=CARTESIAN_POINT('',(-0.00389563293750001,0.01022115473376,0.0148958333333333));
#1396=CARTESIAN_POINT('',(-0.00229126587500001,0.0111474364891733,0.0149791666666667));
#1397=CARTESIAN_POINT('',(-0.00229126587500001,0.013,0.0150625));
#1398=CARTESIAN_POINT('',(-0.002291265875,0.0148525635108267,0.0151458333333333));
#1399=CARTESIAN_POINT('',(-0.00389563293750001,0.0157788452662401,0.0152291666666666));
#1400=CARTESIAN_POINT('',(-0.0055,0.0167051270216534,0.0153125));
#1401=CARTESIAN_POINT('',(-0.0071043670625,0.0157788452662401,0.0153958333333333));
#1402=CARTESIAN_POINT('',(-0.008708734125,0.0148525635108267,0.0154791666666667));
#1403=CARTESIAN_POINT('',(-0.00870873412500001,0.013,0.0155625));
#1404=CARTESIAN_POINT('',(-0.008708734125,0.0111474364891733,0.0156458333333333));
#1405=CARTESIAN_POINT('',(-0.00710436706250001,0.01022115473376,0.0157291666666666));
#1406=CARTESIAN_POINT('',(-0.00550000000000002,0.00929487297834662,0.0158125));
#1407=CARTESIAN_POINT('',(-0.00389563293750002,0.01022115473376,0.0158958333333334));
#1408=CARTESIAN_POINT('',(-0.00229126587500002,0.0111474364891733,0.0159791666666667));
#1409=CARTESIAN_POINT('',(-0.00229126587500001,0.013,0.0160625));
#1410=CARTESIAN_POINT('',(-0.002291265875,0.0148525635108267,0.0161458333333333));
#1411=CARTESIAN_POINT('',(-0.00389563293750001,0.0157788452662401,0.0162291666666666));
#1412=CARTESIAN_POINT('',(-0.0055,0.0167051270216534,0.0163125));
#1413=CARTESIAN_POINT('',(-0.0071043670625,0.0157788452662401,0.0163958333333334));
#1414=CARTESIAN_POINT('',(-0.008708734125,0.0148525635108267,0.0164791666666667));
#1415=CARTESIAN_POINT('',(-0.00870873412500001,0.013,0.0165625));
#1416=CARTESIAN_POINT('',(-0.00870873412500001,0.0111474364891733,0.0166458333333333));
#1417=CARTESIAN_POINT('',(-0.00710436706250001,0.01022115473376,0.0167291666666666));
#1418=CARTESIAN_POINT('',(-0.00550000000000002,0.00929487297834662,0.0168125));
#1419=CARTESIAN_POINT('',(-0.00389563293750002,0.01022115473376,0.0168958333333333));
#1420=CARTESIAN_POINT('',(-0.00229126587500002,0.0111474364891733,0.0169791666666667));
#1421=CARTESIAN_POINT('',(-0.00229126587500001,0.013,0.0170625));
#1422=CARTESIAN_POINT('',(-0.002291265875,0.0148525635108267,0.0171458333333333));
#1423=CARTESIAN_POINT('',(-0.0038956329375,0.0157788452662401,0.0172291666666666));
#1424=CARTESIAN_POINT('',(-0.0055,0.0167051270216534,0.0173125));
#1425=CARTESIAN_POINT('',(-0.0071043670625,0.0157788452662401,0.0173958333333333));
#1426=CARTESIAN_POINT('',(-0.008708734125,0.0148525635108267,0.0174791666666667));
#1427=CARTESIAN_POINT('',(-0.00870873412500001,0.013,0.0175625));
#1428=CARTESIAN_POINT('',(-0.00870873412500001,0.013,0.0123125));
#1429=CARTESIAN_POINT('',(-0.008708734125,0.0111474364891733,0.0123958333333333));
#1430=CARTESIAN_POINT('',(-0.00710436706250001,0.01022115473376,0.0124791666666667));
#1431=CARTESIAN_POINT('',(-0.00550000000000001,0.00929487297834662,0.0125625));
#1432=CARTESIAN_POINT('',(-0.00389563293750001,0.01022115473376,0.0126458333333333));
#1433=CARTESIAN_POINT('',(-0.00229126587500001,0.0111474364891733,0.0127291666666667));
#1434=CARTESIAN_POINT('',(-0.00229126587500001,0.013,0.0128125));
#1435=CARTESIAN_POINT('',(-0.00229126587500001,0.0148525635108267,0.0128958333333333));
#1436=CARTESIAN_POINT('',(-0.00389563293750001,0.0157788452662401,0.0129791666666667));
#1437=CARTESIAN_POINT('',(-0.00550000000000001,0.0167051270216534,0.0130625));
#1438=CARTESIAN_POINT('',(-0.00710436706250001,0.0157788452662401,0.0131458333333333));
#1439=CARTESIAN_POINT('',(-0.008708734125,0.0148525635108267,0.0132291666666667));
#1440=CARTESIAN_POINT('',(-0.00870873412500001,0.013,0.0133125));
#1441=CARTESIAN_POINT('',(-0.008708734125,0.0111474364891733,0.0133958333333333));
#1442=CARTESIAN_POINT('',(-0.00710436706250001,0.01022115473376,0.0134791666666667));
#1443=CARTESIAN_POINT('',(-0.00550000000000001,0.00929487297834662,0.0135625));
#1444=CARTESIAN_POINT('',(-0.00389563293750001,0.01022115473376,0.0136458333333333));
#1445=CARTESIAN_POINT('',(-0.00229126587500001,0.0111474364891733,0.0137291666666667));
#1446=CARTESIAN_POINT('',(-0.00229126587500001,0.013,0.0138125));
#1447=CARTESIAN_POINT('',(-0.00229126587500001,0.0148525635108267,0.0138958333333333));
#1448=CARTESIAN_POINT('',(-0.00389563293750001,0.0157788452662401,0.0139791666666667));
#1449=CARTESIAN_POINT('',(-0.00550000000000001,0.0167051270216534,0.0140625));
#1450=CARTESIAN_POINT('',(-0.00710436706250001,0.0157788452662401,0.0141458333333333));
#1451=CARTESIAN_POINT('',(-0.008708734125,0.0148525635108267,0.0142291666666667));
#1452=CARTESIAN_POINT('',(-0.00870873412500001,0.013,0.0143125));
#1453=CARTESIAN_POINT('',(-0.008708734125,0.0111474364891733,0.0143958333333333));
#1454=CARTESIAN_POINT('',(-0.00710436706250001,0.01022115473376,0.0144791666666667));
#1455=CARTESIAN_POINT('',(-0.00550000000000001,0.00929487297834662,0.0145625));
#1456=CARTESIAN_POINT('',(-0.00389563293750001,0.01022115473376,0.0146458333333333));
#1457=CARTESIAN_POINT('',(-0.00229126587500001,0.0111474364891733,0.0147291666666667));
#1458=CARTESIAN_POINT('',(-0.00229126587500001,0.013,0.0148125));
#1459=CARTESIAN_POINT('',(-0.00229126587500001,0.0148525635108267,0.0148958333333333));
#1460=CARTESIAN_POINT('',(-0.00389563293750001,0.0157788452662401,0.0149791666666667));
#1461=CARTESIAN_POINT('',(-0.00550000000000001,0.0167051270216534,0.0150625));
#1462=CARTESIAN_POINT('',(-0.00710436706250001,0.0157788452662401,0.0151458333333333));
#1463=CARTESIAN_POINT('',(-0.008708734125,0.0148525635108267,0.0152291666666667));
#1464=CARTESIAN_POINT('',(-0.00870873412500001,0.013,0.0153125));
#1465=CARTESIAN_POINT('',(-0.008708734125,0.0111474364891733,0.0153958333333333));
#1466=CARTESIAN_POINT('',(-0.00710436706250001,0.01022115473376,0.0154791666666666));
#1467=CARTESIAN_POINT('',(-0.00550000000000001,0.00929487297834662,0.0155625));
#1468=CARTESIAN_POINT('',(-0.00389563293750001,0.01022115473376,0.0156458333333334));
#1469=CARTESIAN_POINT('',(-0.00229126587500001,0.0111474364891733,0.0157291666666666));
#1470=CARTESIAN_POINT('',(-0.00229126587500001,0.013,0.0158125));
#1471=CARTESIAN_POINT('',(-0.00229126587500001,0.0148525635108267,0.0158958333333333));
#1472=CARTESIAN_POINT('',(-0.00389563293750001,0.0157788452662401,0.0159791666666666));
#1473=CARTESIAN_POINT('',(-0.00428439544843429,0.0160032974065788,0.015999359599237));
#1474=CARTESIAN_POINT('',(-0.00471982866293717,0.0161124439544778,0.0160219766811111));
#1475=CARTESIAN_POINT('',(-0.0086317540894893,0.013,0.0123847222223258));
#1476=CARTESIAN_POINT('',(-0.00863175408948931,0.0111918809333976,0.0124680555556591));
#1477=CARTESIAN_POINT('',(-0.00706587704474467,0.0102878214000965,0.0125513888889925));
#1478=CARTESIAN_POINT('',(-0.00550000000000001,0.00938376186679529,0.0126347222223258));
#1479=CARTESIAN_POINT('',(-0.00393412295525536,0.0102878214000965,0.0127180555556591));
#1480=CARTESIAN_POINT('',(-0.00236824591051071,0.0111918809333976,0.0128013888889925));
#1481=CARTESIAN_POINT('',(-0.00236824591051071,0.013,0.0128847222223258));
#1482=CARTESIAN_POINT('',(-0.00236824591051071,0.0148081190666024,0.0129680555556591));
#1483=CARTESIAN_POINT('',(-0.00393412295525536,0.0157121785999035,0.0130513888889925));
#1484=CARTESIAN_POINT('',(-0.00550000000000001,0.0166162381332047,0.0131347222223258));
#1485=CARTESIAN_POINT('',(-0.00706587704474465,0.0157121785999035,0.0132180555556591));
#1486=CARTESIAN_POINT('',(-0.00863175408948929,0.0148081190666024,0.0133013888889925));
#1487=CARTESIAN_POINT('',(-0.0086317540894893,0.013,0.0133847222223258));
#1488=CARTESIAN_POINT('',(-0.00863175408948931,0.0111918809333976,0.0134680555556591));
#1489=CARTESIAN_POINT('',(-0.00706587704474467,0.0102878214000965,0.0135513888889925));
#1490=CARTESIAN_POINT('',(-0.00550000000000001,0.00938376186679529,0.0136347222223258));
#1491=CARTESIAN_POINT('',(-0.00393412295525536,0.0102878214000965,0.0137180555556592));
#1492=CARTESIAN_POINT('',(-0.00236824591051071,0.0111918809333976,0.0138013888889925));
#1493=CARTESIAN_POINT('',(-0.00236824591051071,0.013,0.0138847222223258));
#1494=CARTESIAN_POINT('',(-0.00236824591051071,0.0148081190666024,0.0139680555556591));
#1495=CARTESIAN_POINT('',(-0.00393412295525536,0.0157121785999035,0.0140513888889925));
#1496=CARTESIAN_POINT('',(-0.00550000000000001,0.0166162381332047,0.0141347222223258));
#1497=CARTESIAN_POINT('',(-0.00706587704474465,0.0157121785999035,0.0142180555556591));
#1498=CARTESIAN_POINT('',(-0.00863175408948929,0.0148081190666024,0.0143013888889925));
#1499=CARTESIAN_POINT('',(-0.0086317540894893,0.013,0.0143847222223258));
#1500=CARTESIAN_POINT('',(-0.00863175408948931,0.0111918809333976,0.0144680555556591));
#1501=CARTESIAN_POINT('',(-0.00706587704474467,0.0102878214000965,0.0145513888889925));
#1502=CARTESIAN_POINT('',(-0.00550000000000001,0.00938376186679529,0.0146347222223258));
#1503=CARTESIAN_POINT('',(-0.00393412295525536,0.0102878214000965,0.0147180555556591));
#1504=CARTESIAN_POINT('',(-0.00236824591051071,0.0111918809333976,0.0148013888889925));
#1505=CARTESIAN_POINT('',(-0.00236824591051071,0.013,0.0148847222223258));
#1506=CARTESIAN_POINT('',(-0.00236824591051071,0.0148081190666024,0.0149680555556591));
#1507=CARTESIAN_POINT('',(-0.00393412295525536,0.0157121785999035,0.0150513888889925));
#1508=CARTESIAN_POINT('',(-0.00550000000000001,0.0166162381332047,0.0151347222223258));
#1509=CARTESIAN_POINT('',(-0.00706587704474465,0.0157121785999035,0.0152180555556591));
#1510=CARTESIAN_POINT('',(-0.00863175408948929,0.0148081190666024,0.0153013888889925));
#1511=CARTESIAN_POINT('',(-0.0086317540894893,0.013,0.0153847222223258));
#1512=CARTESIAN_POINT('',(-0.00863175408948931,0.0111918809333976,0.0154680555556591));
#1513=CARTESIAN_POINT('',(-0.00706587704474467,0.0102878214000965,0.0155513888889925));
#1514=CARTESIAN_POINT('',(-0.00550000000000001,0.00938376186679529,0.0156347222223258));
#1515=CARTESIAN_POINT('',(-0.00393412295525536,0.0102878214000965,0.0157180555556591));
#1516=CARTESIAN_POINT('',(-0.00236824591051071,0.0111918809333976,0.0158013888889925));
#1517=CARTESIAN_POINT('',(-0.00236824591051071,0.013,0.0158847222223258));
#1518=CARTESIAN_POINT('',(-0.00236824591051071,0.0148081190666024,0.0159680555556591));
#1519=CARTESIAN_POINT('',(-0.00393412295525536,0.0157121785999035,0.0160513888889925));
#1520=CARTESIAN_POINT('',(-0.00431355875019165,0.0159312459582502,0.0160715818215629));
#1521=CARTESIAN_POINT('',(-0.00473854558209965,0.0160377739952954,0.0160941989034369));
#1522=CARTESIAN_POINT('',(-0.0086317540894893,0.013,0.0124902777776742));
#1523=CARTESIAN_POINT('',(-0.00863175408948931,0.0111918809333976,0.0125736111110075));
#1524=CARTESIAN_POINT('',(-0.00706587704474467,0.0102878214000965,0.0126569444443409));
#1525=CARTESIAN_POINT('',(-0.00550000000000001,0.00938376186679529,0.0127402777776742));
#1526=CARTESIAN_POINT('',(-0.00393412295525536,0.0102878214000965,0.0128236111110075));
#1527=CARTESIAN_POINT('',(-0.00236824591051071,0.0111918809333976,0.0129069444443409));
#1528=CARTESIAN_POINT('',(-0.00236824591051071,0.013,0.0129902777776742));
#1529=CARTESIAN_POINT('',(-0.00236824591051071,0.0148081190666024,0.0130736111110075));
#1530=CARTESIAN_POINT('',(-0.00393412295525536,0.0157121785999035,0.0131569444443408));
#1531=CARTESIAN_POINT('',(-0.00550000000000001,0.0166162381332047,0.0132402777776742));
#1532=CARTESIAN_POINT('',(-0.00706587704474465,0.0157121785999035,0.0133236111110075));
#1533=CARTESIAN_POINT('',(-0.00863175408948929,0.0148081190666024,0.0134069444443409));
#1534=CARTESIAN_POINT('',(-0.0086317540894893,0.013,0.0134902777776742));
#1535=CARTESIAN_POINT('',(-0.00863175408948931,0.0111918809333976,0.0135736111110075));
#1536=CARTESIAN_POINT('',(-0.00706587704474467,0.0102878214000965,0.0136569444443409));
#1537=CARTESIAN_POINT('',(-0.00550000000000001,0.00938376186679529,0.0137402777776742));
#1538=CARTESIAN_POINT('',(-0.00393412295525536,0.0102878214000965,0.0138236111110075));
#1539=CARTESIAN_POINT('',(-0.00236824591051071,0.0111918809333976,0.0139069444443409));
#1540=CARTESIAN_POINT('',(-0.00236824591051071,0.013,0.0139902777776742));
#1541=CARTESIAN_POINT('',(-0.00236824591051071,0.0148081190666024,0.0140736111110075));
#1542=CARTESIAN_POINT('',(-0.00393412295525536,0.0157121785999035,0.0141569444443409));
#1543=CARTESIAN_POINT('',(-0.00550000000000001,0.0166162381332047,0.0142402777776742));
#1544=CARTESIAN_POINT('',(-0.00706587704474465,0.0157121785999035,0.0143236111110075));
#1545=CARTESIAN_POINT('',(-0.00863175408948929,0.0148081190666024,0.0144069444443409));
#1546=CARTESIAN_POINT('',(-0.0086317540894893,0.013,0.0144902777776742));
#1547=CARTESIAN_POINT('',(-0.00863175408948931,0.0111918809333976,0.0145736111110075));
#1548=CARTESIAN_POINT('',(-0.00706587704474467,0.0102878214000965,0.0146569444443409));
#1549=CARTESIAN_POINT('',(-0.00550000000000001,0.00938376186679529,0.0147402777776742));
#1550=CARTESIAN_POINT('',(-0.00393412295525536,0.0102878214000965,0.0148236111110075));
#1551=CARTESIAN_POINT('',(-0.00236824591051071,0.0111918809333976,0.0149069444443408));
#1552=CARTESIAN_POINT('',(-0.00236824591051071,0.013,0.0149902777776742));
#1553=CARTESIAN_POINT('',(-0.00236824591051071,0.0148081190666024,0.0150736111110075));
#1554=CARTESIAN_POINT('',(-0.00393412295525536,0.0157121785999035,0.0151569444443409));
#1555=CARTESIAN_POINT('',(-0.00550000000000001,0.0166162381332047,0.0152402777776742));
#1556=CARTESIAN_POINT('',(-0.00706587704474465,0.0157121785999035,0.0153236111110075));
#1557=CARTESIAN_POINT('',(-0.00863175408948929,0.0148081190666024,0.0154069444443409));
#1558=CARTESIAN_POINT('',(-0.0086317540894893,0.013,0.0154902777776742));
#1559=CARTESIAN_POINT('',(-0.00863175408948931,0.0111918809333976,0.0155736111110075));
#1560=CARTESIAN_POINT('',(-0.00706587704474467,0.0102878214000965,0.0156569444443409));
#1561=CARTESIAN_POINT('',(-0.00550000000000001,0.00938376186679529,0.0157402777776742));
#1562=CARTESIAN_POINT('',(-0.00393412295525536,0.0102878214000965,0.0158236111110075));
#1563=CARTESIAN_POINT('',(-0.00236824591051071,0.0111918809333976,0.0159069444443408));
#1564=CARTESIAN_POINT('',(-0.00236824591051071,0.013,0.0159902777776742));
#1565=CARTESIAN_POINT('',(-0.00236824591051071,0.0148081190666024,0.0160736111110075));
#1566=CARTESIAN_POINT('',(-0.00393412295525536,0.0157121785999035,0.0161569444443408));
#1567=CARTESIAN_POINT('',(-0.00431355875019165,0.0159312459582502,0.0161771373769112));
#1568=CARTESIAN_POINT('',(-0.00473854558209965,0.0160377739952954,0.0161997544587853));
#1569=CARTESIAN_POINT('',(-0.00870873412500001,0.013,0.0125625));
#1570=CARTESIAN_POINT('',(-0.008708734125,0.0111474364891733,0.0126458333333333));
#1571=CARTESIAN_POINT('',(-0.00710436706250001,0.01022115473376,0.0127291666666667));
#1572=CARTESIAN_POINT('',(-0.00550000000000001,0.00929487297834662,0.0128125));
#1573=CARTESIAN_POINT('',(-0.00389563293750001,0.01022115473376,0.0128958333333333));
#1574=CARTESIAN_POINT('',(-0.00229126587500001,0.0111474364891733,0.0129791666666667));
#1575=CARTESIAN_POINT('',(-0.00229126587500001,0.013,0.0130625));
#1576=CARTESIAN_POINT('',(-0.00229126587500001,0.0148525635108267,0.0131458333333333));
#1577=CARTESIAN_POINT('',(-0.00389563293750001,0.0157788452662401,0.0132291666666667));
#1578=CARTESIAN_POINT('',(-0.00550000000000001,0.0167051270216534,0.0133125));
#1579=CARTESIAN_POINT('',(-0.00710436706250001,0.0157788452662401,0.0133958333333333));
#1580=CARTESIAN_POINT('',(-0.008708734125,0.0148525635108267,0.0134791666666667));
#1581=CARTESIAN_POINT('',(-0.00870873412500001,0.013,0.0135625));
#1582=CARTESIAN_POINT('',(-0.008708734125,0.0111474364891733,0.0136458333333333));
#1583=CARTESIAN_POINT('',(-0.00710436706250001,0.01022115473376,0.0137291666666667));
#1584=CARTESIAN_POINT('',(-0.00550000000000001,0.00929487297834662,0.0138125));
#1585=CARTESIAN_POINT('',(-0.00389563293750001,0.01022115473376,0.0138958333333333));
#1586=CARTESIAN_POINT('',(-0.00229126587500001,0.0111474364891733,0.0139791666666667));
#1587=CARTESIAN_POINT('',(-0.00229126587500001,0.013,0.0140625));
#1588=CARTESIAN_POINT('',(-0.00229126587500001,0.0148525635108267,0.0141458333333333));
#1589=CARTESIAN_POINT('',(-0.00389563293750001,0.0157788452662401,0.0142291666666667));
#1590=CARTESIAN_POINT('',(-0.00550000000000001,0.0167051270216534,0.0143125));
#1591=CARTESIAN_POINT('',(-0.00710436706250001,0.0157788452662401,0.0143958333333333));
#1592=CARTESIAN_POINT('',(-0.008708734125,0.0148525635108267,0.0144791666666667));
#1593=CARTESIAN_POINT('',(-0.00870873412500001,0.013,0.0145625));
#1594=CARTESIAN_POINT('',(-0.008708734125,0.0111474364891733,0.0146458333333333));
#1595=CARTESIAN_POINT('',(-0.00710436706250001,0.01022115473376,0.0147291666666667));
#1596=CARTESIAN_POINT('',(-0.00550000000000001,0.00929487297834662,0.0148125));
#1597=CARTESIAN_POINT('',(-0.00389563293750001,0.01022115473376,0.0148958333333333));
#1598=CARTESIAN_POINT('',(-0.00229126587500001,0.0111474364891733,0.0149791666666667));
#1599=CARTESIAN_POINT('',(-0.00229126587500001,0.013,0.0150625));
#1600=CARTESIAN_POINT('',(-0.00229126587500001,0.0148525635108267,0.0151458333333333));
#1601=CARTESIAN_POINT('',(-0.00389563293750001,0.0157788452662401,0.0152291666666666));
#1602=CARTESIAN_POINT('',(-0.00550000000000001,0.0167051270216534,0.0153125));
#1603=CARTESIAN_POINT('',(-0.00710436706250001,0.0157788452662401,0.0153958333333333));
#1604=CARTESIAN_POINT('',(-0.008708734125,0.0148525635108267,0.0154791666666667));
#1605=CARTESIAN_POINT('',(-0.00870873412500001,0.013,0.0155625));
#1606=CARTESIAN_POINT('',(-0.008708734125,0.0111474364891733,0.0156458333333333));
#1607=CARTESIAN_POINT('',(-0.00710436706250001,0.01022115473376,0.0157291666666666));
#1608=CARTESIAN_POINT('',(-0.00550000000000001,0.00929487297834662,0.0158125));
#1609=CARTESIAN_POINT('',(-0.00389563293750001,0.01022115473376,0.0158958333333334));
#1610=CARTESIAN_POINT('',(-0.00229126587500001,0.0111474364891733,0.0159791666666667));
#1611=CARTESIAN_POINT('',(-0.00229126587500001,0.013,0.0160625));
#1612=CARTESIAN_POINT('',(-0.00229126587500001,0.0148525635108267,0.0161458333333333));
#1613=CARTESIAN_POINT('',(-0.00389563293750001,0.0157788452662401,0.0162291666666666));
#1614=CARTESIAN_POINT('',(-0.00428439544843429,0.0160032974065788,0.016249359599237));
#1615=CARTESIAN_POINT('',(-0.00471982866293717,0.0161124439544778,0.0162719766811111));
#1616=CARTESIAN_POINT('',(-0.00882600839917816,0.013,0.0124375));
#1617=CARTESIAN_POINT('',(-0.00870873412500001,0.013,0.0125625));
#1618=CARTESIAN_POINT('',(-0.00871133746726303,0.0131049669305326,0.012557290859139));
#1619=CARTESIAN_POINT('',(-0.00870878080112536,0.0132102320201384,0.0125520793987526));
#1620=CARTESIAN_POINT('',(-0.00867018686490953,0.0137350891689576,0.0125260416510238));
#1621=CARTESIAN_POINT('',(-0.00855556115319025,0.0141509386703975,0.0125051897584777));
#1622=CARTESIAN_POINT('',(-0.00817335601152787,0.014910406064231,0.012463529704365));
#1623=CARTESIAN_POINT('',(-0.00790570286184135,0.0152539834303848,0.0124426789057276));
#1624=CARTESIAN_POINT('',(-0.00725567776377172,0.015814624320369,0.0124010178974639));
#1625=CARTESIAN_POINT('',(-0.00687325769287595,0.0160316201677583,0.0123801665737901));
#1626=CARTESIAN_POINT('',(-0.00605035808315585,0.0163032771587062,0.0123385065176117));
#1627=CARTESIAN_POINT('',(-0.00560986176678737,0.0163578551382986,0.0123176552858169));
#1628=CARTESIAN_POINT('',(-0.00473749411482948,0.0162931934583422,0.0122759949363715));
#1629=CARTESIAN_POINT('',(-0.00430564213340284,0.0161738713970206,0.0122551440263924));
#1630=CARTESIAN_POINT('',(-0.00351717558228048,0.0157764975353382,0.0122134836856019));
#1631=CARTESIAN_POINT('',(-0.0031606131579841,0.0154983787971284,0.0121926329428012));
#1632=CARTESIAN_POINT('',(-0.00257898896694569,0.0148232405361235,0.0121509726096566));
#1633=CARTESIAN_POINT('',(-0.00235400291048773,0.0144261816813859,0.0121301220311425));
#1634=CARTESIAN_POINT('',(-0.00207257534295793,0.0135720484212278,0.0120884617043326));
#1635=CARTESIAN_POINT('',(-0.00201621962658684,0.0131149697455959,0.0120676112872555));
#1636=CARTESIAN_POINT('',(-0.00208381122720082,0.0122100072842707,0.0120259509659311));
#1637=CARTESIAN_POINT('',(-0.00220783899530022,0.0117621555497398,0.0120051007074405));
#1638=CARTESIAN_POINT('',(-0.00262039712735113,0.0109446985808556,0.0119634403905312));
#1639=CARTESIAN_POINT('',(-0.00290898793073397,0.0105751564985161,0.0119425902877557));
#1640=CARTESIAN_POINT('',(-0.00360925152591538,0.00997256270356298,0.0119009299746837));
#1641=CARTESIAN_POINT('',(-0.0040209534381973,0.00973959438984947,0.011880080024883));
#1642=CARTESIAN_POINT('',(-0.00490632545013703,0.00944841247086716,0.0118384197145347));
#1643=CARTESIAN_POINT('',(-0.0053799874451109,0.00939028786369633,0.011817569915143));
#1644=CARTESIAN_POINT('',(-0.00631754321490017,0.00946082623758275,0.0117759096068041));
#1645=CARTESIAN_POINT('',(-0.00678139227814612,0.00958956790144526,0.0117550599550357));
#1646=CARTESIAN_POINT('',(-0.00762783200696066,0.0100173249502082,0.0117133996482388));
#1647=CARTESIAN_POINT('',(-0.00801034849587666,0.0103163943029966,0.011692550141532));
#1648=CARTESIAN_POINT('',(-0.00863389950330084,0.0110417935872755,0.0116508898353089));
#1649=CARTESIAN_POINT('',(-0.00887484290760379,0.0114681424456899,0.0116300404711295));
#1650=CARTESIAN_POINT('',(-0.00913814896622314,0.0122701809863362,0.0115935877033963));
#1651=CARTESIAN_POINT('',(-0.00920034300909969,0.0126318174348394,0.011577948604674));
#1652=CARTESIAN_POINT('',(-0.00920857219735953,0.0129958455043383,0.0115623287936192));
#1653=CARTESIAN_POINT('',(-0.0086317540894893,0.013,0.0124902777776742));
#1654=CARTESIAN_POINT('',(-0.00863435753922476,0.0131024467570366,0.012485068521346));
#1655=CARTESIAN_POINT('',(-0.0086319247564473,0.0132051976687726,0.0124798566170408));
#1656=CARTESIAN_POINT('',(-0.00859456491649132,0.0137175145721662,0.0124538194286314));
#1657=CARTESIAN_POINT('',(-0.00848291589181959,0.0141235556816165,0.012432964901276));
#1658=CARTESIAN_POINT('',(-0.00811021043542477,0.0148652404097614,0.0123913058029002));
#1659=CARTESIAN_POINT('',(-0.00784905950383,0.0152008941659798,0.0123704525309943));
#1660=CARTESIAN_POINT('',(-0.00721461404851247,0.0157487393340831,0.012328792354366));
#1661=CARTESIAN_POINT('',(-0.00684123267645957,0.0159609017932996,0.0123079384884288));
#1662=CARTESIAN_POINT('',(-0.00603762233314704,0.0162266962726415,0.0122662794102733));
#1663=CARTESIAN_POINT('',(-0.00560732605582479,0.0162802662575621,0.0122454256546984));
#1664=CARTESIAN_POINT('',(-0.00475502286995984,0.0162175671153491,0.0122037662520363));
#1665=CARTESIAN_POINT('',(-0.00433298054395424,0.0161012156848016,0.0121829128691866));
#1666=CARTESIAN_POINT('',(-0.0035623012387493,0.0157133306553805,0.0121412534863663));
#1667=CARTESIAN_POINT('',(-0.003213665774462,0.0154417091943168,0.0121204002993617));
#1668=CARTESIAN_POINT('',(-0.00264484566343494,0.0147821423678024,0.0120787409347435));
#1669=CARTESIAN_POINT('',(-0.00242469797909251,0.014394118935129,0.0120578879400422));
#1670=CARTESIAN_POINT('',(-0.00214914350143358,0.0135592706718939,0.0120162285916645));
#1671=CARTESIAN_POINT('',(-0.0020938015577948,0.0131123909385008,0.0119953757857847));
#1672=CARTESIAN_POINT('',(-0.00215944188739193,0.0122274930566374,0.0119537164522333));
#1673=CARTESIAN_POINT('',(-0.00228050467130603,0.0117894521608054,0.011932863831703));
#1674=CARTESIAN_POINT('',(-0.00268358417076479,0.0109897867939424,0.0118912045113341));
#1675=CARTESIAN_POINT('',(-0.00296568238397313,0.0106281748789899,0.0118703520726657));
#1676=CARTESIAN_POINT('',(-0.00365038217377452,0.0100383929752619,0.0118286927644187));
#1677=CARTESIAN_POINT('',(-0.00405305171484387,0.00981026771953543,0.0118078405042841));
#1678=CARTESIAN_POINT('',(-0.00491914271803913,0.00952496887377958,0.0117661812065045));
#1679=CARTESIAN_POINT('',(-0.00538260677595461,0.00946786345251722,0.0117453291217858));
#1680=CARTESIAN_POINT('',(-0.0063000978236832,0.00953646114053664,0.0117036698332896));
#1681=CARTESIAN_POINT('',(-0.00675413491844439,0.00966224312303451,0.0116828179206254));
#1682=CARTESIAN_POINT('',(-0.0075827789183256,0.0100805311131488,0.0116411586405327));
#1683=CARTESIAN_POINT('',(-0.00795736220968151,0.0103731122726071,0.0116203068968257));
#1684=CARTESIAN_POINT('',(-0.00856809395615447,0.0110829549020058,0.0115786476236955));
#1685=CARTESIAN_POINT('',(-0.00880418988535487,0.0115002742447154,0.0115577960458887));
#1686=CARTESIAN_POINT('',(-0.00906234002511242,0.0122854451593669,0.0115213441873831));
#1687=CARTESIAN_POINT('',(-0.00912340153596974,0.0126395419329139,0.0115057029904795));
#1688=CARTESIAN_POINT('',(-0.00913161341802285,0.0129960123373341,0.0114900841141288));
#1689=CARTESIAN_POINT('',(-0.0086317540894893,0.013,0.0123847222223258));
#1690=CARTESIAN_POINT('',(-0.00863435769493181,0.0131024498687831,0.0123795129658206));
#1691=CARTESIAN_POINT('',(-0.00863192521866371,0.0132052039015694,0.0123743010618303));
#1692=CARTESIAN_POINT('',(-0.00859456157356693,0.0137175361119934,0.0123482638747797));
#1693=CARTESIAN_POINT('',(-0.00848290863617691,0.0141235897076113,0.0123274093506994));
#1694=CARTESIAN_POINT('',(-0.0081101795239744,0.0148652903352806,0.0122857502629225));
#1695=CARTESIAN_POINT('',(-0.00784901623386511,0.0152009509650527,0.0122648969984257));
#1696=CARTESIAN_POINT('',(-0.00721453679007193,0.0157487947010841,0.0122232368404418));
#1697=CARTESIAN_POINT('',(-0.00684113906525841,0.0159609547030611,0.0122023829858504));
#1698=CARTESIAN_POINT('',(-0.00603749492161223,0.0162267258014528,0.0121607239339509));
#1699=CARTESIAN_POINT('',(-0.00560718393710542,0.0162802825640236,0.0121398701934779));
#1700=CARTESIAN_POINT('',(-0.00475485918488415,0.0162175397872261,0.012098210824333));
#1701=CARTESIAN_POINT('',(-0.00433280960447407,0.016101165995046,0.0120773574601489));
#1702=CARTESIAN_POINT('',(-0.00356213117672832,0.0157132243460472,0.0120356981177495));
#1703=CARTESIAN_POINT('',(-0.00321350041456043,0.0154415758484718,0.0120148449528023));
#1704=CARTESIAN_POINT('',(-0.00264470954791326,0.0147819512735086,0.0119731856351697));
#1705=CARTESIAN_POINT('',(-0.00242458049979039,0.0143939024609851,0.0119523326657524));
#1706=CARTESIAN_POINT('',(-0.00214908346859041,0.0135590093367282,0.0119106733706033));
#1707=CARTESIAN_POINT('',(-0.00209377287234993,0.0131121127733829,0.0118898205930755));
#1708=CARTESIAN_POINT('',(-0.00215949203464035,0.012227196114089,0.0118481613186906));
#1709=CARTESIAN_POINT('',(-0.00228059443115189,0.0117891528636672,0.011827308729429));
#1710=CARTESIAN_POINT('',(-0.00268376150362961,0.0109895041789258,0.0117856494738722));
#1711=CARTESIAN_POINT('',(-0.00296590059321972,0.0106279079250977,0.0117647970692471));
#1712=CARTESIAN_POINT('',(-0.00365068032165738,0.0100381813083304,0.0117231378311762));
#1713=CARTESIAN_POINT('',(-0.00405338369745,0.00981008987357539,0.0117022856077234));
#1714=CARTESIAN_POINT('',(-0.00491952992418754,0.00952488052711556,0.0116606263852201));
#1715=CARTESIAN_POINT('',(-0.00538301277660425,0.00946782345287626,0.0116397743396899));
#1716=CARTESIAN_POINT('',(-0.00630051994058541,0.00953653303704696,0.0115981151313173));
#1717=CARTESIAN_POINT('',(-0.00675455476631326,0.00966237083711936,0.0115772632602238));
#1718=CARTESIAN_POINT('',(-0.00758316719356325,0.0100807754753555,0.01153560406486));
#1719=CARTESIAN_POINT('',(-0.0079577245055763,0.0103734105104018,0.0115147523649873));
#1720=CARTESIAN_POINT('',(-0.00856837645070662,0.0110833539155212,0.0114730931809603));
#1721=CARTESIAN_POINT('',(-0.00880442426733473,0.0115007150288754,0.0114522416491387));
#1722=CARTESIAN_POINT('',(-0.00906246969923804,0.0122859427632063,0.0114157898722326));
#1723=CARTESIAN_POINT('',(-0.00912348528594377,0.0126400567520533,0.0114001487226718));
#1724=CARTESIAN_POINT('',(-0.00913164412721164,0.0129965377459976,0.0113845298708811));
#1725=CARTESIAN_POINT('',(-0.00870873412500001,0.013,0.0123125));
#1726=CARTESIAN_POINT('',(-0.00871133783602938,0.0131049743001351,0.0123072908587453));
#1727=CARTESIAN_POINT('',(-0.00870878189584821,0.0132102467820255,0.0123020793990792));
#1728=CARTESIAN_POINT('',(-0.00867017894745782,0.013735140184338,0.0122760416545682));
#1729=CARTESIAN_POINT('',(-0.00855554396877372,0.0141510192582795,0.0122551897697786));
#1730=CARTESIAN_POINT('',(-0.00817328280019751,0.0149105243088829,0.0122135297407699));
#1731=CARTESIAN_POINT('',(-0.0079056003803454,0.0152541179545038,0.0121926789596807));
#1732=CARTESIAN_POINT('',(-0.00725549478325427,0.015814755452741,0.0121510179955727));
#1733=CARTESIAN_POINT('',(-0.00687303598213585,0.0160317454803542,0.0121301666987713));
#1734=CARTESIAN_POINT('',(-0.00605005631899395,0.0163033470953622,0.0120885067047788));
#1735=CARTESIAN_POINT('',(-0.00560952516981954,0.0163578937588633,0.0120676555087517));
#1736=CARTESIAN_POINT('',(-0.00473710643964969,0.0162931287338424,0.0120259952386886));
#1737=CARTESIAN_POINT('',(-0.00430523727673769,0.0161737537107579,0.0120051443729186));
#1738=CARTESIAN_POINT('',(-0.00351677280380973,0.0157762457500739,0.0119634841278601));
#1739=CARTESIAN_POINT('',(-0.00316022151611184,0.0154980629780215,0.0119426334373013));
#1740=CARTESIAN_POINT('',(-0.0025786665880773,0.0148227879443738,0.0119009732154386));
#1741=CARTESIAN_POINT('',(-0.00235372467003471,0.014425668979466,0.0118801226968067));
#1742=CARTESIAN_POINT('',(-0.00207243315990811,0.0135714294695178,0.0118384624960664));
#1743=CARTESIAN_POINT('',(-0.002016151687375,0.0131143109334734,0.0118176121461375));
#1744=CARTESIAN_POINT('',(-0.00208392999700013,0.0122093039992861,0.0117759519649448));
#1745=CARTESIAN_POINT('',(-0.00220805158440914,0.0117614466880957,0.0117551017805133));
#1746=CARTESIAN_POINT('',(-0.00262081712624241,0.0109440292294988,0.0117134416171024));
#1747=CARTESIAN_POINT('',(-0.00290950474210857,0.0105745242392965,0.0116925915949574));
#1748=CARTESIAN_POINT('',(-0.00360995766563926,0.00997206138714574,0.0116509314480928));
#1749=CARTESIAN_POINT('',(-0.0040217397127918,0.00973917317573277,0.0116300815851688));
#1750=CARTESIAN_POINT('',(-0.00490724251733293,0.00944820322876774,0.011588421453108));
#1751=CARTESIAN_POINT('',(-0.00538094902559737,0.00939019312770189,0.0115675717465299));
#1752=CARTESIAN_POINT('',(-0.00631854296546144,0.00946099651879422,0.0115259116279585));
#1753=CARTESIAN_POINT('',(-0.0067823866546801,0.009589870382174,0.0115050620746462));
#1754=CARTESIAN_POINT('',(-0.00762875160620909,0.0100179037028031,0.0114634019685235));
#1755=CARTESIAN_POINT('',(-0.0080112065651024,0.0103171006556697,0.0114425525656347));
#1756=CARTESIAN_POINT('',(-0.00863456856934718,0.0110427386192874,0.0114008924704453));
#1757=CARTESIAN_POINT('',(-0.00887539802282131,0.0114691864081761,0.0113800432151776));
#1758=CARTESIAN_POINT('',(-0.00913845608915209,0.0122713595217477,0.0113435906407078));
#1759=CARTESIAN_POINT('',(-0.00920054136392445,0.0126330367445162,0.0113279516535054));
#1760=CARTESIAN_POINT('',(-0.0092086449296489,0.0129970898932806,0.0113123319012261));
#1761=CARTESIAN_POINT('',(-0.0254521774332497,0.0129970772780531,0.0114374042438421));
#1762=CARTESIAN_POINT('',(-0.0254793224648245,0.0129985449466403,0.0111561659506132));
#1763=CARTESIAN_POINT('',(-0.0252086449296491,0.0129970898932806,0.0113123319012264));
#1764=CARTESIAN_POINT('',(-0.0253258824650136,0.0129967611999299,0.0114373659271807));
#1765=CARTESIAN_POINT('',(-0.0252085721973598,0.0129958455043383,0.0115623287936195));
#1766=CARTESIAN_POINT('',(-0.0254791588171737,0.0129957450715201,0.0117186589584975));
#1767=CARTESIAN_POINT('',(-0.02525,0.013,0.012875));
#1768=CARTESIAN_POINT('',(-0.0252526028765147,0.0131226926749877,0.012869791667736));
#1769=CARTESIAN_POINT('',(-0.0252491757208671,0.0132456413359266,0.0128645833321903));
#1770=CARTESIAN_POINT('',(-0.0252018975043991,0.0138587004084752,0.0128385416542618));
#1771=CARTESIAN_POINT('',(-0.0250663353988213,0.0143435383751375,0.0128177082938101));
#1772=CARTESIAN_POINT('',(-0.0246172911190282,0.0152280697765533,0.0127760415392175));
#1773=CARTESIAN_POINT('',(-0.0243038957097579,0.0156273719979913,0.0127552081443876));
#1774=CARTESIAN_POINT('',(-0.0235442633964641,0.0162779802021146,0.0127135413233454));
#1775=CARTESIAN_POINT('',(-0.0230982610152715,0.0165289577524128,0.0126927078960756));
#1776=CARTESIAN_POINT('',(-0.0221396708885085,0.0168417912816029,0.0126510410114756));
#1777=CARTESIAN_POINT('',(-0.0216274284112031,0.0169034320750941,0.0126302075530629));
#1778=CARTESIAN_POINT('',(-0.0206139425795987,0.0168248906669911,0.0125885406085567));
#1779=CARTESIAN_POINT('',(-0.0201131030264751,0.0166846400335289,0.0125677071204929));
#1780=CARTESIAN_POINT('',(-0.0191995714882411,0.0162204431526623,0.0125260401187632));
#1781=CARTESIAN_POINT('',(-0.0187872812981974,0.0158965904530798,0.012505206602584));
#1782=CARTESIAN_POINT('',(-0.0181156824588867,0.0151118587653925,0.0124635395464303));
#1783=CARTESIAN_POINT('',(-0.0178567110373957,0.0146512226691899,0.012442706003509));
#1784=CARTESIAN_POINT('',(-0.0175340945047395,0.0136614088093059,0.0124010388955998));
#1785=CARTESIAN_POINT('',(-0.017470668648743,0.0131325876918386,0.0123802053272455));
#1786=CARTESIAN_POINT('',(-0.0175521258836181,0.0120865114139137,0.0123385381701213));
#1787=CARTESIAN_POINT('',(-0.0176970744391749,0.0115696728534378,0.0123177045775817));
#1788=CARTESIAN_POINT('',(-0.018176441145481,0.0106271495110764,0.0122760373736666));
#1789=CARTESIAN_POINT('',(-0.0185107585619145,0.0102018773878651,0.0122552037581299));
#1790=CARTESIAN_POINT('',(-0.0193206029983344,0.00950930220654573,0.0122135365097344));
#1791=CARTESIAN_POINT('',(-0.0197958762219673,0.00924234286957684,0.0121927028727864));
#1792=CARTESIAN_POINT('',(-0.0208169200241761,0.00890996124401145,0.0121510355814162));
#1793=CARTESIAN_POINT('',(-0.021362321491894,0.0088447607194504,0.012130201923441));
#1794=CARTESIAN_POINT('',(-0.0224409871950667,0.00892915113060794,0.012088534592664));
#1795=CARTESIAN_POINT('',(-0.0229738224452576,0.0090788065625761,0.0120677009146945));
#1796=CARTESIAN_POINT('',(-0.023945329973602,0.0095733587670818,0.0120260335456724));
#1797=CARTESIAN_POINT('',(-0.024383578687467,0.0099181479169849,0.0120051998489732));
#1798=CARTESIAN_POINT('',(-0.0250971174648181,0.0107531163991562,0.0119635324436899));
#1799=CARTESIAN_POINT('',(-0.0253720556543855,0.0112430313293456,0.0119426987291636));
#1800=CARTESIAN_POINT('',(-0.0256714205234796,0.012163775500455,0.0119062397194106));
#1801=CARTESIAN_POINT('',(-0.0257414926577695,0.0125784571645777,0.0118906155566654));
#1802=CARTESIAN_POINT('',(-0.0257497454369876,0.0129956446387019,0.0118749891233756));
#1803=CARTESIAN_POINT('',(-0.024708734125,0.013,0.0125625));
#1804=CARTESIAN_POINT('',(-0.0247113374674768,0.0131049669305357,0.0125572908593451));
#1805=CARTESIAN_POINT('',(-0.024708780801146,0.0132102320201413,0.0125520793987721));
#1806=CARTESIAN_POINT('',(-0.0246701868648283,0.0137350891689461,0.0125260416509471));
#1807=CARTESIAN_POINT('',(-0.0245555616271408,0.0141509386660151,0.0125051901613435));
#1808=CARTESIAN_POINT('',(-0.0241733559272854,0.0149104063968289,0.0124635297803365));
#1809=CARTESIAN_POINT('',(-0.0239057022655753,0.0152539832897098,0.0124426784124492));
#1810=CARTESIAN_POINT('',(-0.0232556773850735,0.0158146240564116,0.0124010174427902));
#1811=CARTESIAN_POINT('',(-0.0228732582756331,0.0160316208236522,0.0123801673652487));
#1812=CARTESIAN_POINT('',(-0.0220503582482981,0.0163032772407354,0.0123385066664121));
#1813=CARTESIAN_POINT('',(-0.0216098621047053,0.0163578550865997,0.0123176552857472));
#1814=CARTESIAN_POINT('',(-0.0207374944566767,0.0162931934959788,0.0122759949364693));
#1815=CARTESIAN_POINT('',(-0.0203056424683926,0.0161738714796681,0.0122551440263099));
#1816=CARTESIAN_POINT('',(-0.0195171758863009,0.0157764977027694,0.0122134836857134));
#1817=CARTESIAN_POINT('',(-0.0191606134380234,0.0154983790039618,0.0121926329429187));
#1818=CARTESIAN_POINT('',(-0.0185789891856318,0.0148232408097286,0.0121509726095673));
#1819=CARTESIAN_POINT('',(-0.018354003091452,0.0144261819825242,0.0121301220312042));
#1820=CARTESIAN_POINT('',(-0.018072575440789,0.0135720487608515,0.0120884617042986));
#1821=CARTESIAN_POINT('',(-0.018016219678644,0.0131149700962611,0.0120676112873392));
#1822=CARTESIAN_POINT('',(-0.018083811186941,0.0122100076385863,0.0120259509658743));
#1823=CARTESIAN_POINT('',(-0.0182078389081318,0.0117621558966395,0.0120051007074903));
#1824=CARTESIAN_POINT('',(-0.0186203969526964,0.0109446988953933,0.0119634403905091));
#1825=CARTESIAN_POINT('',(-0.0189089877153283,0.0105751567880398,0.0119425902877477));
#1826=CARTESIAN_POINT('',(-0.0196092512414481,0.00997256292898749,0.0119009299747182));
#1827=CARTESIAN_POINT('',(-0.0200209529403405,0.00973959406997186,0.0118800804832676));
#1828=CARTESIAN_POINT('',(-0.0209063251830709,0.00944841212059023,0.0118384201390819));
#1829=CARTESIAN_POINT('',(-0.0213799874282806,0.00939028800936056,0.0118175697739804));
#1830=CARTESIAN_POINT('',(-0.0223175432317307,0.00946082609191677,0.0117759097479683));
#1831=CARTESIAN_POINT('',(-0.022781392278099,0.00958956790154812,0.0117550599549272));
#1832=CARTESIAN_POINT('',(-0.0236278320070082,0.0100173249501047,0.0117133996483479));
#1833=CARTESIAN_POINT('',(-0.0240103484958664,0.0103163943030112,0.0116925501415132));
#1834=CARTESIAN_POINT('',(-0.0246338995033115,0.0110417935872605,0.0116508898353283));
#1835=CARTESIAN_POINT('',(-0.0248748429076285,0.011468142445687,0.0116300404711542));
#1836=CARTESIAN_POINT('',(-0.025138148966205,0.0122701809863383,0.0115935877033781));
#1837=CARTESIAN_POINT('',(-0.0252003430091003,0.0126318174348376,0.0115779486046784));
#1838=CARTESIAN_POINT('',(-0.0252085721973598,0.0129958455043383,0.0115623287936195));
#1839=CARTESIAN_POINT('',(-0.024708734125,0.013,0.0125625));
#1840=CARTESIAN_POINT('',(-0.0247113374674768,0.0131049669305357,0.0125572908593451));
#1841=CARTESIAN_POINT('',(-0.024708780801146,0.0132102320201413,0.0125520793987721));
#1842=CARTESIAN_POINT('',(-0.0246701868648283,0.0137350891689461,0.0125260416509471));
#1843=CARTESIAN_POINT('',(-0.0245555616271408,0.0141509386660151,0.0125051901613435));
#1844=CARTESIAN_POINT('',(-0.0241733559272854,0.0149104063968289,0.0124635297803365));
#1845=CARTESIAN_POINT('',(-0.0239057022655753,0.0152539832897098,0.0124426784124492));
#1846=CARTESIAN_POINT('',(-0.0232556773850735,0.0158146240564116,0.0124010174427902));
#1847=CARTESIAN_POINT('',(-0.0228732582756331,0.0160316208236522,0.0123801673652487));
#1848=CARTESIAN_POINT('',(-0.0220503582482981,0.0163032772407354,0.0123385066664121));
#1849=CARTESIAN_POINT('',(-0.0216098621047053,0.0163578550865997,0.0123176552857472));
#1850=CARTESIAN_POINT('',(-0.0207374944566767,0.0162931934959788,0.0122759949364693));
#1851=CARTESIAN_POINT('',(-0.0203056424683926,0.0161738714796681,0.0122551440263099));
#1852=CARTESIAN_POINT('',(-0.0195171758863009,0.0157764977027694,0.0122134836857134));
#1853=CARTESIAN_POINT('',(-0.0191606134380234,0.0154983790039618,0.0121926329429187));
#1854=CARTESIAN_POINT('',(-0.0185789891856318,0.0148232408097286,0.0121509726095673));
#1855=CARTESIAN_POINT('',(-0.018354003091452,0.0144261819825242,0.0121301220312042));
#1856=CARTESIAN_POINT('',(-0.018072575440789,0.0135720487608515,0.0120884617042986));
#1857=CARTESIAN_POINT('',(-0.018016219678644,0.0131149700962611,0.0120676112873392));
#1858=CARTESIAN_POINT('',(-0.018083811186941,0.0122100076385863,0.0120259509658743));
#1859=CARTESIAN_POINT('',(-0.0182078389081318,0.0117621558966395,0.0120051007074903));
#1860=CARTESIAN_POINT('',(-0.0186203969526964,0.0109446988953933,0.0119634403905091));
#1861=CARTESIAN_POINT('',(-0.0189089877153283,0.0105751567880398,0.0119425902877477));
#1862=CARTESIAN_POINT('',(-0.0196092512414481,0.00997256292898749,0.0119009299747182));
#1863=CARTESIAN_POINT('',(-0.0200209529403405,0.00973959406997186,0.0118800804832676));
#1864=CARTESIAN_POINT('',(-0.0209063251830709,0.00944841212059023,0.0118384201390819));
#1865=CARTESIAN_POINT('',(-0.0213799874282806,0.00939028800936056,0.0118175697739804));
#1866=CARTESIAN_POINT('',(-0.0223175432317307,0.00946082609191677,0.0117759097479683));
#1867=CARTESIAN_POINT('',(-0.022781392278099,0.00958956790154812,0.0117550599549272));
#1868=CARTESIAN_POINT('',(-0.0236278320070082,0.0100173249501047,0.0117133996483479));
#1869=CARTESIAN_POINT('',(-0.0240103484958664,0.0103163943030112,0.0116925501415132));
#1870=CARTESIAN_POINT('',(-0.0246338995033115,0.0110417935872605,0.0116508898353283));
#1871=CARTESIAN_POINT('',(-0.0248748429076285,0.011468142445687,0.0116300404711542));
#1872=CARTESIAN_POINT('',(-0.025138148966205,0.0122701809863383,0.0115935877033781));
#1873=CARTESIAN_POINT('',(-0.0252003430091003,0.0126318174348376,0.0115779486046784));
#1874=CARTESIAN_POINT('',(-0.0252085721973598,0.0129958455043383,0.0115623287936195));
#1875=CARTESIAN_POINT('',(-0.024708734125,0.013,0.0125625));
#1876=CARTESIAN_POINT('',(-0.0249793670625,0.013,0.01271875));
#1877=CARTESIAN_POINT('',(-0.024708734125,0.013,0.0123125));
#1878=CARTESIAN_POINT('',(-0.0247113378361491,0.0131049743001413,0.0123072908589511));
#1879=CARTESIAN_POINT('',(-0.0247087818958599,0.0132102467820276,0.0123020793990988));
#1880=CARTESIAN_POINT('',(-0.0246701789474118,0.0137351401843295,0.0122760416544911));
#1881=CARTESIAN_POINT('',(-0.0245555442751321,0.0141510191748793,0.0122551901726356));
#1882=CARTESIAN_POINT('',(-0.0241732826811709,0.0149105246299441,0.0122135298167507));
#1883=CARTESIAN_POINT('',(-0.0239055999318779,0.0152541179864979,0.0121926784664343));
#1884=CARTESIAN_POINT('',(-0.0232554945415534,0.0158147553487648,0.0121510175408814));
#1885=CARTESIAN_POINT('',(-0.0228730364517439,0.0160317457891935,0.0121301674901792));
#1886=CARTESIAN_POINT('',(-0.022050056462644,0.0163033471114978,0.0120885068536099));
#1887=CARTESIAN_POINT('',(-0.0216095255078458,0.0163578937072268,0.0120676555086819));
#1888=CARTESIAN_POINT('',(-0.0207371067815978,0.0162931287714984,0.0120259952387862));
#1889=CARTESIAN_POINT('',(-0.0203052376117942,0.0161737537935175,0.0120051443728359));
#1890=CARTESIAN_POINT('',(-0.0195167731079156,0.0157762459175615,0.0119634841279714));
#1891=CARTESIAN_POINT('',(-0.019160221796233,0.0154980631849285,0.0119426334374185));
#1892=CARTESIAN_POINT('',(-0.0185786668067432,0.0148227882181283,0.0119009732153491));
#1893=CARTESIAN_POINT('',(-0.0183537248510154,0.0144256692807166,0.0118801226968677));
#1894=CARTESIAN_POINT('',(-0.0180724332576782,0.0135714298092612,0.0118384624960326));
#1895=CARTESIAN_POINT('',(-0.0180161517394068,0.0131143112842461,0.0118176121462214));
#1896=CARTESIAN_POINT('',(-0.0180839299566198,0.0122093043536878,0.0117759519648873));
#1897=CARTESIAN_POINT('',(-0.0182080514971551,0.0117614470350755,0.0117551017805623));
#1898=CARTESIAN_POINT('',(-0.0186208169514518,0.0109440295440703,0.0117134416170804));
#1899=CARTESIAN_POINT('',(-0.018909504526567,0.0105745245288358,0.0116925915949481));
#1900=CARTESIAN_POINT('',(-0.0196099573810514,0.00997206161256151,0.0116509314481279));
#1901=CARTESIAN_POINT('',(-0.0200217392801405,0.00973917305676803,0.0116300820434237));
#1902=CARTESIAN_POINT('',(-0.020907242310978,0.00944820306542851,0.0115884218777251));
#1903=CARTESIAN_POINT('',(-0.0213809490139009,0.00939019320837592,0.0115675716053782));
#1904=CARTESIAN_POINT('',(-0.0223185429771579,0.00946099643811922,0.0115259117691119));
#1905=CARTESIAN_POINT('',(-0.0227823866546541,0.00958987038223204,0.0115050620745386));
#1906=CARTESIAN_POINT('',(-0.0236287516062352,0.0100179037027448,0.0114634019686317));
#1907=CARTESIAN_POINT('',(-0.0240112065650987,0.0103171006556782,0.011442552565616));
#1908=CARTESIAN_POINT('',(-0.0246345685693511,0.0110427386192787,0.0114008924704646));
#1909=CARTESIAN_POINT('',(-0.0248753980228348,0.0114691864081756,0.0113800432152028));
#1910=CARTESIAN_POINT('',(-0.0251384560891421,0.0122713595217481,0.0113435906406893));
#1911=CARTESIAN_POINT('',(-0.0252005413639253,0.0126330367445155,0.0113279516535073));
#1912=CARTESIAN_POINT('',(-0.0252086449296491,0.0129970898932806,0.0113123319012264));
#1913=CARTESIAN_POINT('',(-0.02525,0.013,0.012));
#1914=CARTESIAN_POINT('',(-0.0252526041666245,0.0131227184619512,0.011994791666837));
#1915=CARTESIAN_POINT('',(-0.0252491795523653,0.0132456930025291,0.0119895833333335));
#1916=CARTESIAN_POINT('',(-0.0252018697934435,0.0138588789623159,0.0119635416666662));
#1917=CARTESIAN_POINT('',(-0.0250662746667927,0.0143438201561647,0.0119427083333331));
#1918=CARTESIAN_POINT('',(-0.0246170347576251,0.015228483592454,0.0119010416666669));
#1919=CARTESIAN_POINT('',(-0.0243035375418164,0.0156278434367507,0.011880208333334));
#1920=CARTESIAN_POINT('',(-0.0235436234441442,0.0162784397253495,0.011838541666666));
#1921=CARTESIAN_POINT('',(-0.0230974846316587,0.0165293951318086,0.0118177083333335));
#1922=CARTESIAN_POINT('',(-0.0221386146387196,0.0168420358292701,0.0117760416666665));
#1923=CARTESIAN_POINT('',(-0.0216262503221902,0.0169035672472906,0.0117552083333337));
#1924=CARTESIAN_POINT('',(-0.0206125857168267,0.0168246641313077,0.0117135416666663));
#1925=CARTESIAN_POINT('',(-0.0201116860283807,0.0166842281319999,0.0116927083333334));
#1926=CARTESIAN_POINT('',(-0.0191981617638924,0.0162195619044371,0.0116510416666666));
#1927=CARTESIAN_POINT('',(-0.0187859105519342,0.0158954850864642,0.0116302083333333));
#1928=CARTESIAN_POINT('',(-0.0181145541327735,0.0151102746947902,0.0115885416666667));
#1929=CARTESIAN_POINT('',(-0.0178557371958701,0.0146494282128646,0.0115677083333328));
#1930=CARTESIAN_POINT('',(-0.017533596863849,0.0136592424787389,0.0115260416666672));
#1931=CARTESIAN_POINT('',(-0.0174704308614124,0.0131302818497868,0.0115052083333333));
#1932=CARTESIAN_POINT('',(-0.017552541577494,0.0120840499167681,0.0114635416666667));
#1933=CARTESIAN_POINT('',(-0.0176978185007554,0.0115671918379638,0.0114427083333327));
#1934=CARTESIAN_POINT('',(-0.0181779111411265,0.0106248067814459,0.0114010416666673));
#1935=CARTESIAN_POINT('',(-0.0185125674012551,0.0101996644806516,0.0113802083333332));
#1936=CARTESIAN_POINT('',(-0.0193230744869406,0.00950754759905432,0.0113385416666668));
#1937=CARTESIAN_POINT('',(-0.0197986284112642,0.00924086932336578,0.011317708333334));
#1938=CARTESIAN_POINT('',(-0.0208201299718544,0.0089092295509431,0.011276041666666));
#1939=CARTESIAN_POINT('',(-0.0213656870415647,0.00884442891600462,0.0112552083333328));
#1940=CARTESIAN_POINT('',(-0.0224444863040629,0.00892974734231603,0.0112135416666671));
#1941=CARTESIAN_POINT('',(-0.0229773027632004,0.00907986524497217,0.011192708333333));
#1942=CARTESIAN_POINT('',(-0.0239485485708971,0.00957538440131948,0.011151041666667));
#1943=CARTESIAN_POINT('',(-0.0243865819297805,0.00992062015131986,0.0111302083333337));
#1944=CARTESIAN_POINT('',(-0.0250994591959561,0.0107564240112196,0.0110885416666663));
#1945=CARTESIAN_POINT('',(-0.0253739985576074,0.011246685198058,0.0110677083333335));
#1946=CARTESIAN_POINT('',(-0.0256724954537599,0.0121679003743875,0.0110312499999998));
#1947=CARTESIAN_POINT('',(-0.0257421868916957,0.0125827247733895,0.0110156262149946));
#1948=CARTESIAN_POINT('',(-0.02575,0.013,0.011));
#1949=CARTESIAN_POINT('',(-0.0249793670625,0.013,0.01215625));
#1950=CARTESIAN_POINT('',(-0.024708734125,0.013,0.0123125));
#1951=CARTESIAN_POINT('',(-0.024708734125,0.013,0.0123125));
#1952=CARTESIAN_POINT('',(-0.0247113378361491,0.0131049743001413,0.0123072908589511));
#1953=CARTESIAN_POINT('',(-0.0247087818958599,0.0132102467820276,0.0123020793990988));
#1954=CARTESIAN_POINT('',(-0.0246701789474118,0.0137351401843295,0.0122760416544911));
#1955=CARTESIAN_POINT('',(-0.0245555442751321,0.0141510191748793,0.0122551901726356));
#1956=CARTESIAN_POINT('',(-0.0241732826811709,0.0149105246299441,0.0122135298167507));
#1957=CARTESIAN_POINT('',(-0.0239055999318779,0.0152541179864979,0.0121926784664343));
#1958=CARTESIAN_POINT('',(-0.0232554945415534,0.0158147553487648,0.0121510175408814));
#1959=CARTESIAN_POINT('',(-0.0228730364517439,0.0160317457891935,0.0121301674901792));
#1960=CARTESIAN_POINT('',(-0.022050056462644,0.0163033471114978,0.0120885068536099));
#1961=CARTESIAN_POINT('',(-0.0216095255078458,0.0163578937072268,0.0120676555086819));
#1962=CARTESIAN_POINT('',(-0.0207371067815978,0.0162931287714984,0.0120259952387862));
#1963=CARTESIAN_POINT('',(-0.0203052376117942,0.0161737537935175,0.0120051443728359));
#1964=CARTESIAN_POINT('',(-0.0195167731079156,0.0157762459175615,0.0119634841279714));
#1965=CARTESIAN_POINT('',(-0.019160221796233,0.0154980631849285,0.0119426334374185));
#1966=CARTESIAN_POINT('',(-0.0185786668067432,0.0148227882181283,0.0119009732153491));
#1967=CARTESIAN_POINT('',(-0.0183537248510154,0.0144256692807166,0.0118801226968677));
#1968=CARTESIAN_POINT('',(-0.0180724332576782,0.0135714298092612,0.0118384624960326));
#1969=CARTESIAN_POINT('',(-0.0180161517394068,0.0131143112842461,0.0118176121462214));
#1970=CARTESIAN_POINT('',(-0.0180839299566198,0.0122093043536878,0.0117759519648873));
#1971=CARTESIAN_POINT('',(-0.0182080514971551,0.0117614470350755,0.0117551017805623));
#1972=CARTESIAN_POINT('',(-0.0186208169514518,0.0109440295440703,0.0117134416170804));
#1973=CARTESIAN_POINT('',(-0.018909504526567,0.0105745245288358,0.0116925915949481));
#1974=CARTESIAN_POINT('',(-0.0196099573810514,0.00997206161256151,0.0116509314481279));
#1975=CARTESIAN_POINT('',(-0.0200217392801405,0.00973917305676803,0.0116300820434237));
#1976=CARTESIAN_POINT('',(-0.020907242310978,0.00944820306542851,0.0115884218777251));
#1977=CARTESIAN_POINT('',(-0.0213809490139009,0.00939019320837592,0.0115675716053782));
#1978=CARTESIAN_POINT('',(-0.0223185429771579,0.00946099643811922,0.0115259117691119));
#1979=CARTESIAN_POINT('',(-0.0227823866546541,0.00958987038223204,0.0115050620745386));
#1980=CARTESIAN_POINT('',(-0.0236287516062352,0.0100179037027448,0.0114634019686317));
#1981=CARTESIAN_POINT('',(-0.0240112065650987,0.0103171006556782,0.011442552565616));
#1982=CARTESIAN_POINT('',(-0.0246345685693511,0.0110427386192787,0.0114008924704646));
#1983=CARTESIAN_POINT('',(-0.0248753980228348,0.0114691864081756,0.0113800432152028));
#1984=CARTESIAN_POINT('',(-0.0251384560891421,0.0122713595217481,0.0113435906406893));
#1985=CARTESIAN_POINT('',(-0.0252005413639253,0.0126330367445155,0.0113279516535073));
#1986=CARTESIAN_POINT('',(-0.0252086449296491,0.0129970898932806,0.0113123319012264));
#1987=CARTESIAN_POINT('',(-0.02525,0.013,0.012));
#1988=CARTESIAN_POINT('',(-0.02525,0.0108349364905389,0.0120833333333333));
#1989=CARTESIAN_POINT('',(-0.023375,0.00975240473580835,0.0121666666666667));
#1990=CARTESIAN_POINT('',(-0.0215,0.0086698729810778,0.01225));
#1991=CARTESIAN_POINT('',(-0.019625,0.00975240473580835,0.0123333333333333));
#1992=CARTESIAN_POINT('',(-0.01775,0.0108349364905389,0.0124166666666667));
#1993=CARTESIAN_POINT('',(-0.01775,0.013,0.0125));
#1994=CARTESIAN_POINT('',(-0.01775,0.0151650635094611,0.0125833333333333));
#1995=CARTESIAN_POINT('',(-0.019625,0.0162475952641917,0.0126666666666667));
#1996=CARTESIAN_POINT('',(-0.0215,0.0173301270189222,0.01275));
#1997=CARTESIAN_POINT('',(-0.023375,0.0162475952641917,0.0128333333333333));
#1998=CARTESIAN_POINT('',(-0.02525,0.0151650635094611,0.0129166666666667));
#1999=CARTESIAN_POINT('',(-0.02525,0.013,0.013));
#2000=CARTESIAN_POINT('',(-0.02525,0.0108349364905389,0.0130833333333333));
#2001=CARTESIAN_POINT('',(-0.023375,0.00975240473580835,0.0131666666666667));
#2002=CARTESIAN_POINT('',(-0.0215,0.0086698729810778,0.01325));
#2003=CARTESIAN_POINT('',(-0.019625,0.00975240473580835,0.0133333333333333));
#2004=CARTESIAN_POINT('',(-0.01775,0.0108349364905389,0.0134166666666667));
#2005=CARTESIAN_POINT('',(-0.01775,0.013,0.0135));
#2006=CARTESIAN_POINT('',(-0.01775,0.0151650635094611,0.0135833333333333));
#2007=CARTESIAN_POINT('',(-0.019625,0.0162475952641917,0.0136666666666667));
#2008=CARTESIAN_POINT('',(-0.0215,0.0173301270189222,0.01375));
#2009=CARTESIAN_POINT('',(-0.023375,0.0162475952641917,0.0138333333333333));
#2010=CARTESIAN_POINT('',(-0.02525,0.0151650635094611,0.0139166666666667));
#2011=CARTESIAN_POINT('',(-0.02525,0.013,0.014));
#2012=CARTESIAN_POINT('',(-0.02525,0.0108349364905389,0.0140833333333333));
#2013=CARTESIAN_POINT('',(-0.023375,0.00975240473580835,0.0141666666666667));
#2014=CARTESIAN_POINT('',(-0.0215,0.0086698729810778,0.01425));
#2015=CARTESIAN_POINT('',(-0.019625,0.00975240473580835,0.0143333333333333));
#2016=CARTESIAN_POINT('',(-0.01775,0.0108349364905389,0.0144166666666667));
#2017=CARTESIAN_POINT('',(-0.01775,0.013,0.0145));
#2018=CARTESIAN_POINT('',(-0.01775,0.0151650635094611,0.0145833333333333));
#2019=CARTESIAN_POINT('',(-0.019625,0.0162475952641917,0.0146666666666667));
#2020=CARTESIAN_POINT('',(-0.0215,0.0173301270189222,0.01475));
#2021=CARTESIAN_POINT('',(-0.023375,0.0162475952641917,0.0148333333333333));
#2022=CARTESIAN_POINT('',(-0.02525,0.0151650635094611,0.0149166666666667));
#2023=CARTESIAN_POINT('',(-0.02525,0.013,0.015));
#2024=CARTESIAN_POINT('',(-0.02525,0.0108349364905389,0.0150833333333333));
#2025=CARTESIAN_POINT('',(-0.023375,0.00975240473580835,0.0151666666666666));
#2026=CARTESIAN_POINT('',(-0.0215,0.0086698729810778,0.01525));
#2027=CARTESIAN_POINT('',(-0.019625,0.00975240473580835,0.0153333333333333));
#2028=CARTESIAN_POINT('',(-0.01775,0.0108349364905389,0.0154166666666667));
#2029=CARTESIAN_POINT('',(-0.01775,0.013,0.0155));
#2030=CARTESIAN_POINT('',(-0.01775,0.0151650635094611,0.0155833333333333));
#2031=CARTESIAN_POINT('',(-0.019625,0.0162475952641917,0.0156666666666666));
#2032=CARTESIAN_POINT('',(-0.0215,0.0173301270189222,0.01575));
#2033=CARTESIAN_POINT('',(-0.023375,0.0162475952641917,0.0158333333333334));
#2034=CARTESIAN_POINT('',(-0.02525,0.0151650635094611,0.0159166666666667));
#2035=CARTESIAN_POINT('',(-0.02525,0.013,0.016));
#2036=CARTESIAN_POINT('',(-0.02525,0.0127246885983222,0.0160105967407913));
#2037=CARTESIAN_POINT('',(-0.0252097919901797,0.0124523291229224,0.0160219733732165));
#2038=CARTESIAN_POINT('',(-0.024708734125,0.013,0.0123125));
#2039=CARTESIAN_POINT('',(-0.024708734125,0.0111474364891733,0.0123958333333333));
#2040=CARTESIAN_POINT('',(-0.0231043670625,0.01022115473376,0.0124791666666667));
#2041=CARTESIAN_POINT('',(-0.0215,0.00929487297834662,0.0125625));
#2042=CARTESIAN_POINT('',(-0.0198956329375,0.01022115473376,0.0126458333333333));
#2043=CARTESIAN_POINT('',(-0.018291265875,0.0111474364891733,0.0127291666666667));
#2044=CARTESIAN_POINT('',(-0.018291265875,0.013,0.0128125));
#2045=CARTESIAN_POINT('',(-0.018291265875,0.0148525635108267,0.0128958333333333));
#2046=CARTESIAN_POINT('',(-0.0198956329375,0.0157788452662401,0.0129791666666667));
#2047=CARTESIAN_POINT('',(-0.0215,0.0167051270216534,0.0130625));
#2048=CARTESIAN_POINT('',(-0.0231043670625,0.0157788452662401,0.0131458333333333));
#2049=CARTESIAN_POINT('',(-0.024708734125,0.0148525635108267,0.0132291666666667));
#2050=CARTESIAN_POINT('',(-0.024708734125,0.013,0.0133125));
#2051=CARTESIAN_POINT('',(-0.024708734125,0.0111474364891733,0.0133958333333333));
#2052=CARTESIAN_POINT('',(-0.0231043670625,0.01022115473376,0.0134791666666667));
#2053=CARTESIAN_POINT('',(-0.0215,0.00929487297834662,0.0135625));
#2054=CARTESIAN_POINT('',(-0.0198956329375,0.01022115473376,0.0136458333333333));
#2055=CARTESIAN_POINT('',(-0.018291265875,0.0111474364891733,0.0137291666666667));
#2056=CARTESIAN_POINT('',(-0.018291265875,0.013,0.0138125));
#2057=CARTESIAN_POINT('',(-0.018291265875,0.0148525635108267,0.0138958333333333));
#2058=CARTESIAN_POINT('',(-0.0198956329375,0.0157788452662401,0.0139791666666667));
#2059=CARTESIAN_POINT('',(-0.0215,0.0167051270216534,0.0140625));
#2060=CARTESIAN_POINT('',(-0.0231043670625,0.0157788452662401,0.0141458333333333));
#2061=CARTESIAN_POINT('',(-0.024708734125,0.0148525635108267,0.0142291666666667));
#2062=CARTESIAN_POINT('',(-0.024708734125,0.013,0.0143125));
#2063=CARTESIAN_POINT('',(-0.024708734125,0.0111474364891733,0.0143958333333333));
#2064=CARTESIAN_POINT('',(-0.0231043670625,0.01022115473376,0.0144791666666667));
#2065=CARTESIAN_POINT('',(-0.0215,0.00929487297834662,0.0145625));
#2066=CARTESIAN_POINT('',(-0.0198956329375,0.01022115473376,0.0146458333333333));
#2067=CARTESIAN_POINT('',(-0.018291265875,0.0111474364891733,0.0147291666666667));
#2068=CARTESIAN_POINT('',(-0.018291265875,0.013,0.0148125));
#2069=CARTESIAN_POINT('',(-0.018291265875,0.0148525635108267,0.0148958333333333));
#2070=CARTESIAN_POINT('',(-0.0198956329375,0.0157788452662401,0.0149791666666667));
#2071=CARTESIAN_POINT('',(-0.0215,0.0167051270216534,0.0150625));
#2072=CARTESIAN_POINT('',(-0.0231043670625,0.0157788452662401,0.0151458333333333));
#2073=CARTESIAN_POINT('',(-0.024708734125,0.0148525635108267,0.0152291666666667));
#2074=CARTESIAN_POINT('',(-0.024708734125,0.013,0.0153125));
#2075=CARTESIAN_POINT('',(-0.024708734125,0.0111474364891733,0.0153958333333333));
#2076=CARTESIAN_POINT('',(-0.0231043670625,0.01022115473376,0.0154791666666666));
#2077=CARTESIAN_POINT('',(-0.0215,0.00929487297834662,0.0155625));
#2078=CARTESIAN_POINT('',(-0.0198956329375,0.01022115473376,0.0156458333333334));
#2079=CARTESIAN_POINT('',(-0.018291265875,0.0111474364891733,0.0157291666666666));
#2080=CARTESIAN_POINT('',(-0.018291265875,0.013,0.0158125));
#2081=CARTESIAN_POINT('',(-0.018291265875,0.0148525635108267,0.0158958333333333));
#2082=CARTESIAN_POINT('',(-0.0198956329375,0.0157788452662401,0.0159791666666666));
#2083=CARTESIAN_POINT('',(-0.0215,0.0167051270216534,0.0160625));
#2084=CARTESIAN_POINT('',(-0.0231043670625,0.0157788452662401,0.0161458333333334));
#2085=CARTESIAN_POINT('',(-0.024708734125,0.0148525635108267,0.0162291666666666));
#2086=CARTESIAN_POINT('',(-0.024708734125,0.013,0.0163125));
#2087=CARTESIAN_POINT('',(-0.024708734125,0.012764426376116,0.0163230967407913));
#2088=CARTESIAN_POINT('',(-0.0246743296414776,0.012531378604654,0.0163344733732165));
#2089=CARTESIAN_POINT('',(-0.024708734125,0.013,0.0123125));
#2090=CARTESIAN_POINT('',(-0.024708734125,0.0111474364891733,0.0123958333333333));
#2091=CARTESIAN_POINT('',(-0.0231043670625,0.01022115473376,0.0124791666666667));
#2092=CARTESIAN_POINT('',(-0.0215,0.00929487297834662,0.0125625));
#2093=CARTESIAN_POINT('',(-0.0198956329375,0.01022115473376,0.0126458333333333));
#2094=CARTESIAN_POINT('',(-0.018291265875,0.0111474364891733,0.0127291666666667));
#2095=CARTESIAN_POINT('',(-0.018291265875,0.013,0.0128125));
#2096=CARTESIAN_POINT('',(-0.018291265875,0.0148525635108267,0.0128958333333333));
#2097=CARTESIAN_POINT('',(-0.0198956329375,0.0157788452662401,0.0129791666666667));
#2098=CARTESIAN_POINT('',(-0.0215,0.0167051270216534,0.0130625));
#2099=CARTESIAN_POINT('',(-0.0231043670625,0.0157788452662401,0.0131458333333333));
#2100=CARTESIAN_POINT('',(-0.024708734125,0.0148525635108267,0.0132291666666667));
#2101=CARTESIAN_POINT('',(-0.024708734125,0.013,0.0133125));
#2102=CARTESIAN_POINT('',(-0.024708734125,0.0111474364891733,0.0133958333333333));
#2103=CARTESIAN_POINT('',(-0.0231043670625,0.01022115473376,0.0134791666666667));
#2104=CARTESIAN_POINT('',(-0.0215,0.00929487297834662,0.0135625));
#2105=CARTESIAN_POINT('',(-0.0198956329375,0.01022115473376,0.0136458333333333));
#2106=CARTESIAN_POINT('',(-0.018291265875,0.0111474364891733,0.0137291666666667));
#2107=CARTESIAN_POINT('',(-0.018291265875,0.013,0.0138125));
#2108=CARTESIAN_POINT('',(-0.018291265875,0.0148525635108267,0.0138958333333333));
#2109=CARTESIAN_POINT('',(-0.0198956329375,0.0157788452662401,0.0139791666666667));
#2110=CARTESIAN_POINT('',(-0.0215,0.0167051270216534,0.0140625));
#2111=CARTESIAN_POINT('',(-0.0231043670625,0.0157788452662401,0.0141458333333333));
#2112=CARTESIAN_POINT('',(-0.024708734125,0.0148525635108267,0.0142291666666667));
#2113=CARTESIAN_POINT('',(-0.024708734125,0.013,0.0143125));
#2114=CARTESIAN_POINT('',(-0.024708734125,0.0111474364891733,0.0143958333333333));
#2115=CARTESIAN_POINT('',(-0.0231043670625,0.01022115473376,0.0144791666666667));
#2116=CARTESIAN_POINT('',(-0.0215,0.00929487297834662,0.0145625));
#2117=CARTESIAN_POINT('',(-0.0198956329375,0.01022115473376,0.0146458333333333));
#2118=CARTESIAN_POINT('',(-0.018291265875,0.0111474364891733,0.0147291666666667));
#2119=CARTESIAN_POINT('',(-0.018291265875,0.013,0.0148125));
#2120=CARTESIAN_POINT('',(-0.018291265875,0.0148525635108267,0.0148958333333333));
#2121=CARTESIAN_POINT('',(-0.0198956329375,0.0157788452662401,0.0149791666666667));
#2122=CARTESIAN_POINT('',(-0.0215,0.0167051270216534,0.0150625));
#2123=CARTESIAN_POINT('',(-0.0231043670625,0.0157788452662401,0.0151458333333333));
#2124=CARTESIAN_POINT('',(-0.024708734125,0.0148525635108267,0.0152291666666667));
#2125=CARTESIAN_POINT('',(-0.024708734125,0.013,0.0153125));
#2126=CARTESIAN_POINT('',(-0.024708734125,0.0111474364891733,0.0153958333333333));
#2127=CARTESIAN_POINT('',(-0.0231043670625,0.01022115473376,0.0154791666666666));
#2128=CARTESIAN_POINT('',(-0.0215,0.00929487297834662,0.0155625));
#2129=CARTESIAN_POINT('',(-0.0198956329375,0.01022115473376,0.0156458333333334));
#2130=CARTESIAN_POINT('',(-0.018291265875,0.0111474364891733,0.0157291666666666));
#2131=CARTESIAN_POINT('',(-0.018291265875,0.013,0.0158125));
#2132=CARTESIAN_POINT('',(-0.018291265875,0.0148525635108267,0.0158958333333333));
#2133=CARTESIAN_POINT('',(-0.0198956329375,0.0157788452662401,0.0159791666666666));
#2134=CARTESIAN_POINT('',(-0.0215,0.0167051270216534,0.0160625));
#2135=CARTESIAN_POINT('',(-0.0231043670625,0.0157788452662401,0.0161458333333334));
#2136=CARTESIAN_POINT('',(-0.024708734125,0.0148525635108267,0.0162291666666666));
#2137=CARTESIAN_POINT('',(-0.024708734125,0.013,0.0163125));
#2138=CARTESIAN_POINT('',(-0.024708734125,0.0111474364891733,0.0163958333333333));
#2139=CARTESIAN_POINT('',(-0.0231043670625,0.01022115473376,0.0164791666666666));
#2140=CARTESIAN_POINT('',(-0.0215,0.00929487297834662,0.0165625));
#2141=CARTESIAN_POINT('',(-0.0198956329375,0.01022115473376,0.0166458333333333));
#2142=CARTESIAN_POINT('',(-0.018291265875,0.0111474364891733,0.0167291666666666));
#2143=CARTESIAN_POINT('',(-0.018291265875,0.013,0.0168125));
#2144=CARTESIAN_POINT('',(-0.018291265875,0.0148525635108267,0.0168958333333333));
#2145=CARTESIAN_POINT('',(-0.0198956329375,0.0157788452662401,0.0169791666666666));
#2146=CARTESIAN_POINT('',(-0.0215,0.0167051270216534,0.0170625));
#2147=CARTESIAN_POINT('',(-0.0231043670625,0.0157788452662401,0.0171458333333333));
#2148=CARTESIAN_POINT('',(-0.024708734125,0.0148525635108267,0.0172291666666667));
#2149=CARTESIAN_POINT('',(-0.024708734125,0.013,0.0173125));
#2150=CARTESIAN_POINT('',(-0.024708734125,0.013,0.0125625));
#2151=CARTESIAN_POINT('',(-0.024708734125,0.0111474364891733,0.0126458333333333));
#2152=CARTESIAN_POINT('',(-0.0231043670625,0.01022115473376,0.0127291666666667));
#2153=CARTESIAN_POINT('',(-0.0215,0.00929487297834662,0.0128125));
#2154=CARTESIAN_POINT('',(-0.0198956329375,0.01022115473376,0.0128958333333333));
#2155=CARTESIAN_POINT('',(-0.018291265875,0.0111474364891733,0.0129791666666667));
#2156=CARTESIAN_POINT('',(-0.018291265875,0.013,0.0130625));
#2157=CARTESIAN_POINT('',(-0.018291265875,0.0148525635108267,0.0131458333333333));
#2158=CARTESIAN_POINT('',(-0.0198956329375,0.0157788452662401,0.0132291666666667));
#2159=CARTESIAN_POINT('',(-0.0215,0.0167051270216534,0.0133125));
#2160=CARTESIAN_POINT('',(-0.0231043670625,0.0157788452662401,0.0133958333333333));
#2161=CARTESIAN_POINT('',(-0.024708734125,0.0148525635108267,0.0134791666666667));
#2162=CARTESIAN_POINT('',(-0.024708734125,0.013,0.0135625));
#2163=CARTESIAN_POINT('',(-0.024708734125,0.0111474364891733,0.0136458333333333));
#2164=CARTESIAN_POINT('',(-0.0231043670625,0.01022115473376,0.0137291666666667));
#2165=CARTESIAN_POINT('',(-0.0215,0.00929487297834662,0.0138125));
#2166=CARTESIAN_POINT('',(-0.0198956329375,0.01022115473376,0.0138958333333333));
#2167=CARTESIAN_POINT('',(-0.018291265875,0.0111474364891733,0.0139791666666667));
#2168=CARTESIAN_POINT('',(-0.018291265875,0.013,0.0140625));
#2169=CARTESIAN_POINT('',(-0.018291265875,0.0148525635108267,0.0141458333333333));
#2170=CARTESIAN_POINT('',(-0.0198956329375,0.0157788452662401,0.0142291666666667));
#2171=CARTESIAN_POINT('',(-0.0215,0.0167051270216534,0.0143125));
#2172=CARTESIAN_POINT('',(-0.0231043670625,0.0157788452662401,0.0143958333333333));
#2173=CARTESIAN_POINT('',(-0.024708734125,0.0148525635108267,0.0144791666666667));
#2174=CARTESIAN_POINT('',(-0.024708734125,0.013,0.0145625));
#2175=CARTESIAN_POINT('',(-0.024708734125,0.0111474364891733,0.0146458333333333));
#2176=CARTESIAN_POINT('',(-0.0231043670625,0.01022115473376,0.0147291666666667));
#2177=CARTESIAN_POINT('',(-0.0215,0.00929487297834662,0.0148125));
#2178=CARTESIAN_POINT('',(-0.0198956329375,0.01022115473376,0.0148958333333333));
#2179=CARTESIAN_POINT('',(-0.018291265875,0.0111474364891733,0.0149791666666667));
#2180=CARTESIAN_POINT('',(-0.018291265875,0.013,0.0150625));
#2181=CARTESIAN_POINT('',(-0.018291265875,0.0148525635108267,0.0151458333333333));
#2182=CARTESIAN_POINT('',(-0.0198956329375,0.0157788452662401,0.0152291666666666));
#2183=CARTESIAN_POINT('',(-0.0215,0.0167051270216534,0.0153125));
#2184=CARTESIAN_POINT('',(-0.0231043670625,0.0157788452662401,0.0153958333333333));
#2185=CARTESIAN_POINT('',(-0.024708734125,0.0148525635108267,0.0154791666666667));
#2186=CARTESIAN_POINT('',(-0.024708734125,0.013,0.0155625));
#2187=CARTESIAN_POINT('',(-0.024708734125,0.0111474364891733,0.0156458333333333));
#2188=CARTESIAN_POINT('',(-0.0231043670625,0.01022115473376,0.0157291666666666));
#2189=CARTESIAN_POINT('',(-0.0215,0.00929487297834662,0.0158125));
#2190=CARTESIAN_POINT('',(-0.0198956329375,0.01022115473376,0.0158958333333334));
#2191=CARTESIAN_POINT('',(-0.0187529581203518,0.0108808783470367,0.0159551856496796));
#2192=CARTESIAN_POINT('',(-0.0184049117485261,0.0121535938324138,0.0160214748818359));
#2193=CARTESIAN_POINT('',(-0.02525,0.013,0.012875));
#2194=CARTESIAN_POINT('',(-0.02525,0.0108349364905389,0.0129583333333333));
#2195=CARTESIAN_POINT('',(-0.023375,0.00975240473580835,0.0130416666666667));
#2196=CARTESIAN_POINT('',(-0.0215,0.0086698729810778,0.013125));
#2197=CARTESIAN_POINT('',(-0.019625,0.00975240473580835,0.0132083333333333));
#2198=CARTESIAN_POINT('',(-0.01775,0.0108349364905389,0.0132916666666667));
#2199=CARTESIAN_POINT('',(-0.01775,0.013,0.013375));
#2200=CARTESIAN_POINT('',(-0.01775,0.0151650635094611,0.0134583333333333));
#2201=CARTESIAN_POINT('',(-0.019625,0.0162475952641917,0.0135416666666667));
#2202=CARTESIAN_POINT('',(-0.0215,0.0173301270189222,0.013625));
#2203=CARTESIAN_POINT('',(-0.023375,0.0162475952641917,0.0137083333333333));
#2204=CARTESIAN_POINT('',(-0.02525,0.0151650635094611,0.0137916666666667));
#2205=CARTESIAN_POINT('',(-0.02525,0.013,0.013875));
#2206=CARTESIAN_POINT('',(-0.02525,0.0108349364905389,0.0139583333333333));
#2207=CARTESIAN_POINT('',(-0.023375,0.00975240473580835,0.0140416666666667));
#2208=CARTESIAN_POINT('',(-0.0215,0.0086698729810778,0.014125));
#2209=CARTESIAN_POINT('',(-0.019625,0.00975240473580835,0.0142083333333333));
#2210=CARTESIAN_POINT('',(-0.01775,0.0108349364905389,0.0142916666666667));
#2211=CARTESIAN_POINT('',(-0.01775,0.013,0.014375));
#2212=CARTESIAN_POINT('',(-0.01775,0.0151650635094611,0.0144583333333333));
#2213=CARTESIAN_POINT('',(-0.019625,0.0162475952641917,0.0145416666666667));
#2214=CARTESIAN_POINT('',(-0.0215,0.0173301270189222,0.014625));
#2215=CARTESIAN_POINT('',(-0.023375,0.0162475952641917,0.0147083333333333));
#2216=CARTESIAN_POINT('',(-0.02525,0.0151650635094611,0.0147916666666667));
#2217=CARTESIAN_POINT('',(-0.02525,0.013,0.014875));
#2218=CARTESIAN_POINT('',(-0.02525,0.0108349364905389,0.0149583333333333));
#2219=CARTESIAN_POINT('',(-0.023375,0.00975240473580835,0.0150416666666666));
#2220=CARTESIAN_POINT('',(-0.0215,0.0086698729810778,0.015125));
#2221=CARTESIAN_POINT('',(-0.019625,0.00975240473580835,0.0152083333333333));
#2222=CARTESIAN_POINT('',(-0.01775,0.0108349364905389,0.0152916666666667));
#2223=CARTESIAN_POINT('',(-0.01775,0.013,0.015375));
#2224=CARTESIAN_POINT('',(-0.01775,0.0151650635094611,0.0154583333333333));
#2225=CARTESIAN_POINT('',(-0.019625,0.0162475952641917,0.0155416666666666));
#2226=CARTESIAN_POINT('',(-0.0215,0.0173301270189222,0.015625));
#2227=CARTESIAN_POINT('',(-0.023375,0.0162475952641917,0.0157083333333334));
#2228=CARTESIAN_POINT('',(-0.02525,0.0151650635094611,0.0157916666666667));
#2229=CARTESIAN_POINT('',(-0.02525,0.013,0.015875));
#2230=CARTESIAN_POINT('',(-0.02525,0.0108349364905389,0.0159583333333333));
#2231=CARTESIAN_POINT('',(-0.023375,0.00975240473580835,0.0160416666666666));
#2232=CARTESIAN_POINT('',(-0.0215,0.0086698729810778,0.016125));
#2233=CARTESIAN_POINT('',(-0.019625,0.00975240473580835,0.0162083333333334));
#2234=CARTESIAN_POINT('',(-0.0182895728822091,0.010523413941748,0.0162676856496796));
#2235=CARTESIAN_POINT('',(-0.0178828162475048,0.0120108176605476,0.0163339748818359));
#2236=CARTESIAN_POINT('',(-0.024708734125,0.013,0.0125625));
#2237=CARTESIAN_POINT('',(-0.024708734125,0.0111474364891733,0.0126458333333333));
#2238=CARTESIAN_POINT('',(-0.0231043670625,0.01022115473376,0.0127291666666667));
#2239=CARTESIAN_POINT('',(-0.0215,0.00929487297834662,0.0128125));
#2240=CARTESIAN_POINT('',(-0.0198956329375,0.01022115473376,0.0128958333333333));
#2241=CARTESIAN_POINT('',(-0.018291265875,0.0111474364891733,0.0129791666666667));
#2242=CARTESIAN_POINT('',(-0.018291265875,0.013,0.0130625));
#2243=CARTESIAN_POINT('',(-0.018291265875,0.0148525635108267,0.0131458333333333));
#2244=CARTESIAN_POINT('',(-0.0198956329375,0.0157788452662401,0.0132291666666667));
#2245=CARTESIAN_POINT('',(-0.0215,0.0167051270216534,0.0133125));
#2246=CARTESIAN_POINT('',(-0.0231043670625,0.0157788452662401,0.0133958333333333));
#2247=CARTESIAN_POINT('',(-0.024708734125,0.0148525635108267,0.0134791666666667));
#2248=CARTESIAN_POINT('',(-0.024708734125,0.013,0.0135625));
#2249=CARTESIAN_POINT('',(-0.024708734125,0.0111474364891733,0.0136458333333333));
#2250=CARTESIAN_POINT('',(-0.0231043670625,0.01022115473376,0.0137291666666667));
#2251=CARTESIAN_POINT('',(-0.0215,0.00929487297834662,0.0138125));
#2252=CARTESIAN_POINT('',(-0.0198956329375,0.01022115473376,0.0138958333333333));
#2253=CARTESIAN_POINT('',(-0.018291265875,0.0111474364891733,0.0139791666666667));
#2254=CARTESIAN_POINT('',(-0.018291265875,0.013,0.0140625));
#2255=CARTESIAN_POINT('',(-0.018291265875,0.0148525635108267,0.0141458333333333));
#2256=CARTESIAN_POINT('',(-0.0198956329375,0.0157788452662401,0.0142291666666667));
#2257=CARTESIAN_POINT('',(-0.0215,0.0167051270216534,0.0143125));
#2258=CARTESIAN_POINT('',(-0.0231043670625,0.0157788452662401,0.0143958333333333));
#2259=CARTESIAN_POINT('',(-0.024708734125,0.0148525635108267,0.0144791666666667));
#2260=CARTESIAN_POINT('',(-0.024708734125,0.013,0.0145625));
#2261=CARTESIAN_POINT('',(-0.024708734125,0.0111474364891733,0.0146458333333333));
#2262=CARTESIAN_POINT('',(-0.0231043670625,0.01022115473376,0.0147291666666667));
#2263=CARTESIAN_POINT('',(-0.0215,0.00929487297834662,0.0148125));
#2264=CARTESIAN_POINT('',(-0.0198956329375,0.01022115473376,0.0148958333333333));
#2265=CARTESIAN_POINT('',(-0.018291265875,0.0111474364891733,0.0149791666666667));
#2266=CARTESIAN_POINT('',(-0.018291265875,0.013,0.0150625));
#2267=CARTESIAN_POINT('',(-0.018291265875,0.0148525635108267,0.0151458333333333));
#2268=CARTESIAN_POINT('',(-0.0198956329375,0.0157788452662401,0.0152291666666666));
#2269=CARTESIAN_POINT('',(-0.0215,0.0167051270216534,0.0153125));
#2270=CARTESIAN_POINT('',(-0.0231043670625,0.0157788452662401,0.0153958333333333));
#2271=CARTESIAN_POINT('',(-0.024708734125,0.0148525635108267,0.0154791666666667));
#2272=CARTESIAN_POINT('',(-0.024708734125,0.013,0.0155625));
#2273=CARTESIAN_POINT('',(-0.024708734125,0.0111474364891733,0.0156458333333333));
#2274=CARTESIAN_POINT('',(-0.0231043670625,0.01022115473376,0.0157291666666666));
#2275=CARTESIAN_POINT('',(-0.0215,0.00929487297834662,0.0158125));
#2276=CARTESIAN_POINT('',(-0.0198956329375,0.01022115473376,0.0158958333333334));
#2277=CARTESIAN_POINT('',(-0.018291265875,0.0111474364891733,0.0159791666666667));
#2278=CARTESIAN_POINT('',(-0.018291265875,0.013,0.0160625));
#2279=CARTESIAN_POINT('',(-0.018291265875,0.0148525635108267,0.0161458333333333));
#2280=CARTESIAN_POINT('',(-0.0198956329375,0.0157788452662401,0.0162291666666666));
#2281=CARTESIAN_POINT('',(-0.0215,0.0167051270216534,0.0163125));
#2282=CARTESIAN_POINT('',(-0.0231043670625,0.0157788452662401,0.0163958333333334));
#2283=CARTESIAN_POINT('',(-0.024708734125,0.0148525635108267,0.0164791666666667));
#2284=CARTESIAN_POINT('',(-0.024708734125,0.013,0.0165625));
#2285=CARTESIAN_POINT('',(-0.024708734125,0.0111474364891733,0.0166458333333333));
#2286=CARTESIAN_POINT('',(-0.0231043670625,0.01022115473376,0.0167291666666666));
#2287=CARTESIAN_POINT('',(-0.0215,0.00929487297834662,0.0168125));
#2288=CARTESIAN_POINT('',(-0.0198956329375,0.01022115473376,0.0168958333333333));
#2289=CARTESIAN_POINT('',(-0.018291265875,0.0111474364891733,0.0169791666666667));
#2290=CARTESIAN_POINT('',(-0.018291265875,0.013,0.0170625));
#2291=CARTESIAN_POINT('',(-0.018291265875,0.0148525635108267,0.0171458333333333));
#2292=CARTESIAN_POINT('',(-0.0198956329375,0.0157788452662401,0.0172291666666666));
#2293=CARTESIAN_POINT('',(-0.0215,0.0167051270216534,0.0173125));
#2294=CARTESIAN_POINT('',(-0.0231043670625,0.0157788452662401,0.0173958333333333));
#2295=CARTESIAN_POINT('',(-0.024708734125,0.0148525635108267,0.0174791666666667));
#2296=CARTESIAN_POINT('',(-0.024708734125,0.013,0.0175625));
#2297=CARTESIAN_POINT('',(-0.024708734125,0.013,0.0123125));
#2298=CARTESIAN_POINT('',(-0.024708734125,0.0111474364891733,0.0123958333333333));
#2299=CARTESIAN_POINT('',(-0.0231043670625,0.01022115473376,0.0124791666666667));
#2300=CARTESIAN_POINT('',(-0.0215,0.00929487297834662,0.0125625));
#2301=CARTESIAN_POINT('',(-0.0198956329375,0.01022115473376,0.0126458333333333));
#2302=CARTESIAN_POINT('',(-0.018291265875,0.0111474364891733,0.0127291666666667));
#2303=CARTESIAN_POINT('',(-0.018291265875,0.013,0.0128125));
#2304=CARTESIAN_POINT('',(-0.018291265875,0.0148525635108267,0.0128958333333333));
#2305=CARTESIAN_POINT('',(-0.0198956329375,0.0157788452662401,0.0129791666666667));
#2306=CARTESIAN_POINT('',(-0.0215,0.0167051270216534,0.0130625));
#2307=CARTESIAN_POINT('',(-0.0231043670625,0.0157788452662401,0.0131458333333333));
#2308=CARTESIAN_POINT('',(-0.024708734125,0.0148525635108267,0.0132291666666667));
#2309=CARTESIAN_POINT('',(-0.024708734125,0.013,0.0133125));
#2310=CARTESIAN_POINT('',(-0.024708734125,0.0111474364891733,0.0133958333333333));
#2311=CARTESIAN_POINT('',(-0.0231043670625,0.01022115473376,0.0134791666666667));
#2312=CARTESIAN_POINT('',(-0.0215,0.00929487297834662,0.0135625));
#2313=CARTESIAN_POINT('',(-0.0198956329375,0.01022115473376,0.0136458333333333));
#2314=CARTESIAN_POINT('',(-0.018291265875,0.0111474364891733,0.0137291666666667));
#2315=CARTESIAN_POINT('',(-0.018291265875,0.013,0.0138125));
#2316=CARTESIAN_POINT('',(-0.018291265875,0.0148525635108267,0.0138958333333333));
#2317=CARTESIAN_POINT('',(-0.0198956329375,0.0157788452662401,0.0139791666666667));
#2318=CARTESIAN_POINT('',(-0.0215,0.0167051270216534,0.0140625));
#2319=CARTESIAN_POINT('',(-0.0231043670625,0.0157788452662401,0.0141458333333333));
#2320=CARTESIAN_POINT('',(-0.024708734125,0.0148525635108267,0.0142291666666667));
#2321=CARTESIAN_POINT('',(-0.024708734125,0.013,0.0143125));
#2322=CARTESIAN_POINT('',(-0.024708734125,0.0111474364891733,0.0143958333333333));
#2323=CARTESIAN_POINT('',(-0.0231043670625,0.01022115473376,0.0144791666666667));
#2324=CARTESIAN_POINT('',(-0.0215,0.00929487297834662,0.0145625));
#2325=CARTESIAN_POINT('',(-0.0198956329375,0.01022115473376,0.0146458333333333));
#2326=CARTESIAN_POINT('',(-0.018291265875,0.0111474364891733,0.0147291666666667));
#2327=CARTESIAN_POINT('',(-0.018291265875,0.013,0.0148125));
#2328=CARTESIAN_POINT('',(-0.018291265875,0.0148525635108267,0.0148958333333333));
#2329=CARTESIAN_POINT('',(-0.0198956329375,0.0157788452662401,0.0149791666666667));
#2330=CARTESIAN_POINT('',(-0.0215,0.0167051270216534,0.0150625));
#2331=CARTESIAN_POINT('',(-0.0231043670625,0.0157788452662401,0.0151458333333333));
#2332=CARTESIAN_POINT('',(-0.024708734125,0.0148525635108267,0.0152291666666667));
#2333=CARTESIAN_POINT('',(-0.024708734125,0.013,0.0153125));
#2334=CARTESIAN_POINT('',(-0.024708734125,0.0111474364891733,0.0153958333333333));
#2335=CARTESIAN_POINT('',(-0.0231043670625,0.01022115473376,0.0154791666666666));
#2336=CARTESIAN_POINT('',(-0.0215,0.00929487297834662,0.0155625));
#2337=CARTESIAN_POINT('',(-0.0198956329375,0.01022115473376,0.0156458333333334));
#2338=CARTESIAN_POINT('',(-0.018291265875,0.0111474364891733,0.0157291666666666));
#2339=CARTESIAN_POINT('',(-0.018291265875,0.013,0.0158125));
#2340=CARTESIAN_POINT('',(-0.018291265875,0.0148525635108267,0.0158958333333333));
#2341=CARTESIAN_POINT('',(-0.0198956329375,0.0157788452662401,0.0159791666666666));
#2342=CARTESIAN_POINT('',(-0.0202843954484343,0.0160032974065788,0.015999359599237));
#2343=CARTESIAN_POINT('',(-0.0207198286629372,0.0161124439544778,0.0160219766811111));
#2344=CARTESIAN_POINT('',(-0.0246317540894893,0.013,0.0123847222223258));
#2345=CARTESIAN_POINT('',(-0.0246317540894893,0.0111918809333976,0.0124680555556591));
#2346=CARTESIAN_POINT('',(-0.0230658770447446,0.0102878214000965,0.0125513888889925));
#2347=CARTESIAN_POINT('',(-0.0215,0.00938376186679528,0.0126347222223258));
#2348=CARTESIAN_POINT('',(-0.0199341229552553,0.0102878214000965,0.0127180555556591));
#2349=CARTESIAN_POINT('',(-0.0183682459105107,0.0111918809333977,0.0128013888889925));
#2350=CARTESIAN_POINT('',(-0.0183682459105107,0.013,0.0128847222223258));
#2351=CARTESIAN_POINT('',(-0.0183682459105107,0.0148081190666024,0.0129680555556591));
#2352=CARTESIAN_POINT('',(-0.0199341229552553,0.0157121785999035,0.0130513888889925));
#2353=CARTESIAN_POINT('',(-0.0215,0.0166162381332047,0.0131347222223258));
#2354=CARTESIAN_POINT('',(-0.0230658770447446,0.0157121785999035,0.0132180555556591));
#2355=CARTESIAN_POINT('',(-0.0246317540894893,0.0148081190666024,0.0133013888889925));
#2356=CARTESIAN_POINT('',(-0.0246317540894893,0.013,0.0133847222223258));
#2357=CARTESIAN_POINT('',(-0.0246317540894893,0.0111918809333976,0.0134680555556591));
#2358=CARTESIAN_POINT('',(-0.0230658770447446,0.0102878214000965,0.0135513888889925));
#2359=CARTESIAN_POINT('',(-0.0215,0.00938376186679528,0.0136347222223258));
#2360=CARTESIAN_POINT('',(-0.0199341229552553,0.0102878214000965,0.0137180555556591));
#2361=CARTESIAN_POINT('',(-0.0183682459105107,0.0111918809333977,0.0138013888889925));
#2362=CARTESIAN_POINT('',(-0.0183682459105107,0.013,0.0138847222223258));
#2363=CARTESIAN_POINT('',(-0.0183682459105107,0.0148081190666024,0.0139680555556591));
#2364=CARTESIAN_POINT('',(-0.0199341229552553,0.0157121785999035,0.0140513888889925));
#2365=CARTESIAN_POINT('',(-0.0215,0.0166162381332047,0.0141347222223258));
#2366=CARTESIAN_POINT('',(-0.0230658770447446,0.0157121785999035,0.0142180555556591));
#2367=CARTESIAN_POINT('',(-0.0246317540894893,0.0148081190666024,0.0143013888889925));
#2368=CARTESIAN_POINT('',(-0.0246317540894893,0.013,0.0143847222223258));
#2369=CARTESIAN_POINT('',(-0.0246317540894893,0.0111918809333976,0.0144680555556591));
#2370=CARTESIAN_POINT('',(-0.0230658770447446,0.0102878214000965,0.0145513888889925));
#2371=CARTESIAN_POINT('',(-0.0215,0.00938376186679528,0.0146347222223258));
#2372=CARTESIAN_POINT('',(-0.0199341229552553,0.0102878214000965,0.0147180555556591));
#2373=CARTESIAN_POINT('',(-0.0183682459105107,0.0111918809333977,0.0148013888889925));
#2374=CARTESIAN_POINT('',(-0.0183682459105107,0.013,0.0148847222223258));
#2375=CARTESIAN_POINT('',(-0.0183682459105107,0.0148081190666024,0.0149680555556591));
#2376=CARTESIAN_POINT('',(-0.0199341229552553,0.0157121785999035,0.0150513888889925));
#2377=CARTESIAN_POINT('',(-0.0215,0.0166162381332047,0.0151347222223258));
#2378=CARTESIAN_POINT('',(-0.0230658770447446,0.0157121785999035,0.0152180555556591));
#2379=CARTESIAN_POINT('',(-0.0246317540894893,0.0148081190666024,0.0153013888889925));
#2380=CARTESIAN_POINT('',(-0.0246317540894893,0.013,0.0153847222223258));
#2381=CARTESIAN_POINT('',(-0.0246317540894893,0.0111918809333976,0.0154680555556591));
#2382=CARTESIAN_POINT('',(-0.0230658770447446,0.0102878214000965,0.0155513888889925));
#2383=CARTESIAN_POINT('',(-0.0215,0.00938376186679528,0.0156347222223258));
#2384=CARTESIAN_POINT('',(-0.0199341229552553,0.0102878214000965,0.0157180555556591));
#2385=CARTESIAN_POINT('',(-0.0183682459105107,0.0111918809333977,0.0158013888889925));
#2386=CARTESIAN_POINT('',(-0.0183682459105107,0.013,0.0158847222223258));
#2387=CARTESIAN_POINT('',(-0.0183682459105107,0.0148081190666024,0.0159680555556591));
#2388=CARTESIAN_POINT('',(-0.0199341229552553,0.0157121785999035,0.0160513888889925));
#2389=CARTESIAN_POINT('',(-0.0203135587501916,0.0159312459582502,0.0160715818215628));
#2390=CARTESIAN_POINT('',(-0.0207385455820997,0.0160377739952954,0.0160941989034369));
#2391=CARTESIAN_POINT('',(-0.0246317540894893,0.013,0.0124902777776742));
#2392=CARTESIAN_POINT('',(-0.0246317540894893,0.0111918809333976,0.0125736111110075));
#2393=CARTESIAN_POINT('',(-0.0230658770447446,0.0102878214000965,0.0126569444443409));
#2394=CARTESIAN_POINT('',(-0.0215,0.00938376186679528,0.0127402777776742));
#2395=CARTESIAN_POINT('',(-0.0199341229552553,0.0102878214000965,0.0128236111110075));
#2396=CARTESIAN_POINT('',(-0.0183682459105107,0.0111918809333977,0.0129069444443409));
#2397=CARTESIAN_POINT('',(-0.0183682459105107,0.013,0.0129902777776742));
#2398=CARTESIAN_POINT('',(-0.0183682459105107,0.0148081190666024,0.0130736111110075));
#2399=CARTESIAN_POINT('',(-0.0199341229552553,0.0157121785999035,0.0131569444443409));
#2400=CARTESIAN_POINT('',(-0.0215,0.0166162381332047,0.0132402777776742));
#2401=CARTESIAN_POINT('',(-0.0230658770447446,0.0157121785999035,0.0133236111110075));
#2402=CARTESIAN_POINT('',(-0.0246317540894893,0.0148081190666024,0.0134069444443409));
#2403=CARTESIAN_POINT('',(-0.0246317540894893,0.013,0.0134902777776742));
#2404=CARTESIAN_POINT('',(-0.0246317540894893,0.0111918809333976,0.0135736111110075));
#2405=CARTESIAN_POINT('',(-0.0230658770447446,0.0102878214000965,0.0136569444443409));
#2406=CARTESIAN_POINT('',(-0.0215,0.00938376186679528,0.0137402777776742));
#2407=CARTESIAN_POINT('',(-0.0199341229552553,0.0102878214000965,0.0138236111110075));
#2408=CARTESIAN_POINT('',(-0.0183682459105107,0.0111918809333977,0.0139069444443409));
#2409=CARTESIAN_POINT('',(-0.0183682459105107,0.013,0.0139902777776742));
#2410=CARTESIAN_POINT('',(-0.0183682459105107,0.0148081190666024,0.0140736111110075));
#2411=CARTESIAN_POINT('',(-0.0199341229552553,0.0157121785999035,0.0141569444443408));
#2412=CARTESIAN_POINT('',(-0.0215,0.0166162381332047,0.0142402777776742));
#2413=CARTESIAN_POINT('',(-0.0230658770447446,0.0157121785999035,0.0143236111110075));
#2414=CARTESIAN_POINT('',(-0.0246317540894893,0.0148081190666024,0.0144069444443409));
#2415=CARTESIAN_POINT('',(-0.0246317540894893,0.013,0.0144902777776742));
#2416=CARTESIAN_POINT('',(-0.0246317540894893,0.0111918809333976,0.0145736111110075));
#2417=CARTESIAN_POINT('',(-0.0230658770447446,0.0102878214000965,0.0146569444443408));
#2418=CARTESIAN_POINT('',(-0.0215,0.00938376186679528,0.0147402777776742));
#2419=CARTESIAN_POINT('',(-0.0199341229552553,0.0102878214000965,0.0148236111110075));
#2420=CARTESIAN_POINT('',(-0.0183682459105107,0.0111918809333977,0.0149069444443409));
#2421=CARTESIAN_POINT('',(-0.0183682459105107,0.013,0.0149902777776742));
#2422=CARTESIAN_POINT('',(-0.0183682459105107,0.0148081190666024,0.0150736111110075));
#2423=CARTESIAN_POINT('',(-0.0199341229552553,0.0157121785999035,0.0151569444443408));
#2424=CARTESIAN_POINT('',(-0.0215,0.0166162381332047,0.0152402777776742));
#2425=CARTESIAN_POINT('',(-0.0230658770447446,0.0157121785999035,0.0153236111110075));
#2426=CARTESIAN_POINT('',(-0.0246317540894893,0.0148081190666024,0.0154069444443408));
#2427=CARTESIAN_POINT('',(-0.0246317540894893,0.013,0.0154902777776742));
#2428=CARTESIAN_POINT('',(-0.0246317540894893,0.0111918809333976,0.0155736111110075));
#2429=CARTESIAN_POINT('',(-0.0230658770447446,0.0102878214000965,0.0156569444443408));
#2430=CARTESIAN_POINT('',(-0.0215,0.00938376186679528,0.0157402777776742));
#2431=CARTESIAN_POINT('',(-0.0199341229552553,0.0102878214000965,0.0158236111110075));
#2432=CARTESIAN_POINT('',(-0.0183682459105107,0.0111918809333977,0.0159069444443409));
#2433=CARTESIAN_POINT('',(-0.0183682459105107,0.013,0.0159902777776742));
#2434=CARTESIAN_POINT('',(-0.0183682459105107,0.0148081190666024,0.0160736111110075));
#2435=CARTESIAN_POINT('',(-0.0199341229552553,0.0157121785999035,0.0161569444443409));
#2436=CARTESIAN_POINT('',(-0.0203135587501916,0.0159312459582502,0.0161771373769112));
#2437=CARTESIAN_POINT('',(-0.0207385455820997,0.0160377739952954,0.0161997544587853));
#2438=CARTESIAN_POINT('',(-0.024708734125,0.013,0.0125625));
#2439=CARTESIAN_POINT('',(-0.024708734125,0.0111474364891733,0.0126458333333333));
#2440=CARTESIAN_POINT('',(-0.0231043670625,0.01022115473376,0.0127291666666667));
#2441=CARTESIAN_POINT('',(-0.0215,0.00929487297834662,0.0128125));
#2442=CARTESIAN_POINT('',(-0.0198956329375,0.01022115473376,0.0128958333333333));
#2443=CARTESIAN_POINT('',(-0.018291265875,0.0111474364891733,0.0129791666666667));
#2444=CARTESIAN_POINT('',(-0.018291265875,0.013,0.0130625));
#2445=CARTESIAN_POINT('',(-0.018291265875,0.0148525635108267,0.0131458333333333));
#2446=CARTESIAN_POINT('',(-0.0198956329375,0.0157788452662401,0.0132291666666667));
#2447=CARTESIAN_POINT('',(-0.0215,0.0167051270216534,0.0133125));
#2448=CARTESIAN_POINT('',(-0.0231043670625,0.0157788452662401,0.0133958333333333));
#2449=CARTESIAN_POINT('',(-0.024708734125,0.0148525635108267,0.0134791666666667));
#2450=CARTESIAN_POINT('',(-0.024708734125,0.013,0.0135625));
#2451=CARTESIAN_POINT('',(-0.024708734125,0.0111474364891733,0.0136458333333333));
#2452=CARTESIAN_POINT('',(-0.0231043670625,0.01022115473376,0.0137291666666667));
#2453=CARTESIAN_POINT('',(-0.0215,0.00929487297834662,0.0138125));
#2454=CARTESIAN_POINT('',(-0.0198956329375,0.01022115473376,0.0138958333333333));
#2455=CARTESIAN_POINT('',(-0.018291265875,0.0111474364891733,0.0139791666666667));
#2456=CARTESIAN_POINT('',(-0.018291265875,0.013,0.0140625));
#2457=CARTESIAN_POINT('',(-0.018291265875,0.0148525635108267,0.0141458333333333));
#2458=CARTESIAN_POINT('',(-0.0198956329375,0.0157788452662401,0.0142291666666667));
#2459=CARTESIAN_POINT('',(-0.0215,0.0167051270216534,0.0143125));
#2460=CARTESIAN_POINT('',(-0.0231043670625,0.0157788452662401,0.0143958333333333));
#2461=CARTESIAN_POINT('',(-0.024708734125,0.0148525635108267,0.0144791666666667));
#2462=CARTESIAN_POINT('',(-0.024708734125,0.013,0.0145625));
#2463=CARTESIAN_POINT('',(-0.024708734125,0.0111474364891733,0.0146458333333333));
#2464=CARTESIAN_POINT('',(-0.0231043670625,0.01022115473376,0.0147291666666667));
#2465=CARTESIAN_POINT('',(-0.0215,0.00929487297834662,0.0148125));
#2466=CARTESIAN_POINT('',(-0.0198956329375,0.01022115473376,0.0148958333333333));
#2467=CARTESIAN_POINT('',(-0.018291265875,0.0111474364891733,0.0149791666666667));
#2468=CARTESIAN_POINT('',(-0.018291265875,0.013,0.0150625));
#2469=CARTESIAN_POINT('',(-0.018291265875,0.0148525635108267,0.0151458333333333));
#2470=CARTESIAN_POINT('',(-0.0198956329375,0.0157788452662401,0.0152291666666666));
#2471=CARTESIAN_POINT('',(-0.0215,0.0167051270216534,0.0153125));
#2472=CARTESIAN_POINT('',(-0.0231043670625,0.0157788452662401,0.0153958333333333));
#2473=CARTESIAN_POINT('',(-0.024708734125,0.0148525635108267,0.0154791666666667));
#2474=CARTESIAN_POINT('',(-0.024708734125,0.013,0.0155625));
#2475=CARTESIAN_POINT('',(-0.024708734125,0.0111474364891733,0.0156458333333333));
#2476=CARTESIAN_POINT('',(-0.0231043670625,0.01022115473376,0.0157291666666666));
#2477=CARTESIAN_POINT('',(-0.0215,0.00929487297834662,0.0158125));
#2478=CARTESIAN_POINT('',(-0.0198956329375,0.01022115473376,0.0158958333333334));
#2479=CARTESIAN_POINT('',(-0.018291265875,0.0111474364891733,0.0159791666666667));
#2480=CARTESIAN_POINT('',(-0.018291265875,0.013,0.0160625));
#2481=CARTESIAN_POINT('',(-0.018291265875,0.0148525635108267,0.0161458333333333));
#2482=CARTESIAN_POINT('',(-0.0198956329375,0.0157788452662401,0.0162291666666666));
#2483=CARTESIAN_POINT('',(-0.0202843954484343,0.0160032974065788,0.016249359599237));
#2484=CARTESIAN_POINT('',(-0.0207198286629372,0.0161124439544778,0.0162719766811111));
#2485=CARTESIAN_POINT('',(-0.0248260083991781,0.013,0.0124375));
#2486=CARTESIAN_POINT('',(-0.024708734125,0.013,0.0125625));
#2487=CARTESIAN_POINT('',(-0.0247113374674768,0.0131049669305357,0.0125572908593451));
#2488=CARTESIAN_POINT('',(-0.024708780801146,0.0132102320201413,0.0125520793987721));
#2489=CARTESIAN_POINT('',(-0.0246701868648283,0.0137350891689461,0.0125260416509471));
#2490=CARTESIAN_POINT('',(-0.0245555616271408,0.0141509386660151,0.0125051901613435));
#2491=CARTESIAN_POINT('',(-0.0241733559272854,0.0149104063968289,0.0124635297803365));
#2492=CARTESIAN_POINT('',(-0.0239057022655753,0.0152539832897098,0.0124426784124492));
#2493=CARTESIAN_POINT('',(-0.0232556773850735,0.0158146240564116,0.0124010174427902));
#2494=CARTESIAN_POINT('',(-0.0228732582756331,0.0160316208236522,0.0123801673652487));
#2495=CARTESIAN_POINT('',(-0.0220503582482981,0.0163032772407354,0.0123385066664121));
#2496=CARTESIAN_POINT('',(-0.0216098621047053,0.0163578550865997,0.0123176552857472));
#2497=CARTESIAN_POINT('',(-0.0207374944566767,0.0162931934959788,0.0122759949364693));
#2498=CARTESIAN_POINT('',(-0.0203056424683926,0.0161738714796681,0.0122551440263099));
#2499=CARTESIAN_POINT('',(-0.0195171758863009,0.0157764977027694,0.0122134836857134));
#2500=CARTESIAN_POINT('',(-0.0191606134380234,0.0154983790039618,0.0121926329429187));
#2501=CARTESIAN_POINT('',(-0.0185789891856318,0.0148232408097286,0.0121509726095673));
#2502=CARTESIAN_POINT('',(-0.018354003091452,0.0144261819825242,0.0121301220312042));
#2503=CARTESIAN_POINT('',(-0.018072575440789,0.0135720487608515,0.0120884617042986));
#2504=CARTESIAN_POINT('',(-0.018016219678644,0.0131149700962611,0.0120676112873391));
#2505=CARTESIAN_POINT('',(-0.018083811186941,0.0122100076385863,0.0120259509658743));
#2506=CARTESIAN_POINT('',(-0.0182078389081318,0.0117621558966395,0.0120051007074903));
#2507=CARTESIAN_POINT('',(-0.0186203969526964,0.0109446988953933,0.0119634403905091));
#2508=CARTESIAN_POINT('',(-0.0189089877153283,0.0105751567880398,0.0119425902877477));
#2509=CARTESIAN_POINT('',(-0.0196092512414481,0.00997256292898749,0.0119009299747182));
#2510=CARTESIAN_POINT('',(-0.0200209529403405,0.00973959406997186,0.0118800804832676));
#2511=CARTESIAN_POINT('',(-0.0209063251830709,0.00944841212059023,0.0118384201390819));
#2512=CARTESIAN_POINT('',(-0.0213799874282806,0.00939028800936056,0.0118175697739804));
#2513=CARTESIAN_POINT('',(-0.0223175432317307,0.00946082609191677,0.0117759097479683));
#2514=CARTESIAN_POINT('',(-0.022781392278099,0.00958956790154812,0.0117550599549272));
#2515=CARTESIAN_POINT('',(-0.0236278320070082,0.0100173249501047,0.0117133996483479));
#2516=CARTESIAN_POINT('',(-0.0240103484958664,0.0103163943030112,0.0116925501415132));
#2517=CARTESIAN_POINT('',(-0.0246338995033115,0.0110417935872605,0.0116508898353283));
#2518=CARTESIAN_POINT('',(-0.0248748429076285,0.011468142445687,0.0116300404711542));
#2519=CARTESIAN_POINT('',(-0.025138148966205,0.0122701809863383,0.0115935877033781));
#2520=CARTESIAN_POINT('',(-0.0252003430091003,0.0126318174348376,0.0115779486046784));
#2521=CARTESIAN_POINT('',(-0.0252085721973598,0.0129958455043383,0.0115623287936195));
#2522=CARTESIAN_POINT('',(-0.0246317540894893,0.013,0.0124902777776742));
#2523=CARTESIAN_POINT('',(-0.0246343575394113,0.0131024467570423,0.0124850685215811));
#2524=CARTESIAN_POINT('',(-0.0246319247564654,0.0132051976687754,0.0124798566170632));
#2525=CARTESIAN_POINT('',(-0.0245945649164202,0.0137175145721552,0.0124538194285433));
#2526=CARTESIAN_POINT('',(-0.0244829163183219,0.014123555652829,0.0124329653614324));
#2527=CARTESIAN_POINT('',(-0.0241102103393717,0.0148652407420858,0.0123913058896827));
#2528=CARTESIAN_POINT('',(-0.0238490589386915,0.0152008940842055,0.0123704519675797));
#2529=CARTESIAN_POINT('',(-0.0232146137253084,0.0157487391037678,0.0123287918350175));
#2530=CARTESIAN_POINT('',(-0.0228412332389155,0.0159609023455513,0.0123079393924199));
#2531=CARTESIAN_POINT('',(-0.0220376224744027,0.0162266963406088,0.0122662795802547));
#2532=CARTESIAN_POINT('',(-0.0216073263859094,0.016280266206129,0.0122454256546179));
#2533=CARTESIAN_POINT('',(-0.0207550232041751,0.016217567151203,0.0122037662521487));
#2534=CARTESIAN_POINT('',(-0.0203329808716043,0.0161012157646999,0.0121829128690923));
#2535=CARTESIAN_POINT('',(-0.0195623015364007,0.0157133308182427,0.0121412534864935));
#2536=CARTESIAN_POINT('',(-0.0192136660487937,0.0154417093957834,0.0121204002994954));
#2537=CARTESIAN_POINT('',(-0.018644845877962,0.0147821426347685,0.0120787409346418));
#2538=CARTESIAN_POINT('',(-0.0184246981568282,0.0143941192291271,0.0120578879401134));
#2539=CARTESIAN_POINT('',(-0.0181491435979699,0.0135592710037905,0.0120162285916246));
#2540=CARTESIAN_POINT('',(-0.0180938016096028,0.0131123912813339,0.0119953757858802));
#2541=CARTESIAN_POINT('',(-0.0181594418488894,0.0122274934033182,0.0119537164521682));
#2542=CARTESIAN_POINT('',(-0.0182805045868982,0.0117894525003721,0.0119328638317591));
#2543=CARTESIAN_POINT('',(-0.01868358400066,0.0109897871020996,0.0118912045113091));
#2544=CARTESIAN_POINT('',(-0.0189656821739177,0.0106281751627868,0.0118703520726566));
#2545=CARTESIAN_POINT('',(-0.0196503818959577,0.0100383931965393,0.0118286927644577));
#2546=CARTESIAN_POINT('',(-0.0200530512224697,0.00981026746140775,0.0118078410277827));
#2547=CARTESIAN_POINT('',(-0.0209191424865398,0.00952496857241941,0.0117661816914738));
#2548=CARTESIAN_POINT('',(-0.0213826067598556,0.0094678635793274,0.0117453289605542));
#2549=CARTESIAN_POINT('',(-0.0223000978397824,0.00953646101372492,0.0117036699945231));
#2550=CARTESIAN_POINT('',(-0.0227541349184043,0.0096622431231232,0.0116828179205023));
#2551=CARTESIAN_POINT('',(-0.023582778918366,0.0100805311130596,0.0116411586406566));
#2552=CARTESIAN_POINT('',(-0.0239573622096746,0.0103731122726202,0.0116203068968041));
#2553=CARTESIAN_POINT('',(-0.0245680939561618,0.0110829549019923,0.0115786476237177));
#2554=CARTESIAN_POINT('',(-0.0248041898853776,0.0115002742447139,0.0115577960459172));
#2555=CARTESIAN_POINT('',(-0.0250623400250957,0.012285445159368,0.011521344187362));
#2556=CARTESIAN_POINT('',(-0.0251234015359769,0.0126395419329126,0.0115057029904838));
#2557=CARTESIAN_POINT('',(-0.0251316134180231,0.0129960123373341,0.0114900841141291));
#2558=CARTESIAN_POINT('',(-0.0246317540894893,0.013,0.0123847222223258));
#2559=CARTESIAN_POINT('',(-0.0246343576950786,0.0131024498687901,0.0123795129660555));
#2560=CARTESIAN_POINT('',(-0.0246319252186778,0.0132052039015719,0.0123743010618527));
#2561=CARTESIAN_POINT('',(-0.0245945615735116,0.0137175361119836,0.0123482638746916));
#2562=CARTESIAN_POINT('',(-0.0244829089919177,0.0141235896454616,0.012327409810852));
#2563=CARTESIAN_POINT('',(-0.0241101794132351,0.0148652906627332,0.012285750349709));
#2564=CARTESIAN_POINT('',(-0.0238490157311314,0.0152009509561827,0.0122648964350249));
#2565=CARTESIAN_POINT('',(-0.0232145365247102,0.0157487945383167,0.0122232363210855));
#2566=CARTESIAN_POINT('',(-0.0228411395799396,0.0159609551087804,0.0122023838898201));
#2567=CARTESIAN_POINT('',(-0.022037495053794,0.0162267258415967,0.0121607241039452));
#2568=CARTESIAN_POINT('',(-0.021607184267235,0.0162802825126164,0.0121398701933977));
#2569=CARTESIAN_POINT('',(-0.0207548595191427,0.0162175398230886,0.012098210824445));
#2570=CARTESIAN_POINT('',(-0.0203328099321522,0.0161011660749921,0.0120773574600544));
#2571=CARTESIAN_POINT('',(-0.0195621314744159,0.0157132245089329,0.0120356981178766));
#2572=CARTESIAN_POINT('',(-0.0192135006889273,0.0154415760499695,0.0120148449529359));
#2573=CARTESIAN_POINT('',(-0.0186447097624312,0.0147819515405378,0.0119731856350678));
#2574=CARTESIAN_POINT('',(-0.0184245806775337,0.0143939027550312,0.0119523326658226));
#2575=CARTESIAN_POINT('',(-0.0181490835651003,0.013559009668675,0.0119106733705642));
#2576=CARTESIAN_POINT('',(-0.0180937729241478,0.0131121131162618,0.0118898205931713));
#2577=CARTESIAN_POINT('',(-0.0181594919960864,0.0122271964608057,0.011848161318625));
#2578=CARTESIAN_POINT('',(-0.0182805943467089,0.0117891532032677,0.0118273087294854));
#2579=CARTESIAN_POINT('',(-0.0186837613334665,0.0109895044870973,0.0117856494738466));
#2580=CARTESIAN_POINT('',(-0.0189659003831071,0.0106279082089011,0.0117647970692374));
#2581=CARTESIAN_POINT('',(-0.0196506800437894,0.0100381815296045,0.0117231378312155));
#2582=CARTESIAN_POINT('',(-0.0200533832326068,0.00981008970027734,0.011702286131167));
#2583=CARTESIAN_POINT('',(-0.0209195297183221,0.00952488030468489,0.0116606268702192));
#2584=CARTESIAN_POINT('',(-0.0213830127626732,0.00946782355224418,0.011639774178462));
#2585=CARTESIAN_POINT('',(-0.0223005199545166,0.00953653293767784,0.011598115292547));
#2586=CARTESIAN_POINT('',(-0.0227545547662831,0.00966237083718966,0.0115772632601007));
#2587=CARTESIAN_POINT('',(-0.0235831671935936,0.0100807754752847,0.0115356040649838));
#2588=CARTESIAN_POINT('',(-0.0239577245055717,0.0103734105104121,0.0115147523649662));
#2589=CARTESIAN_POINT('',(-0.0245683764507115,0.0110833539155106,0.011473093180982));
#2590=CARTESIAN_POINT('',(-0.0248044242673531,0.0115007150288749,0.0114522416491673));
#2591=CARTESIAN_POINT('',(-0.0250624696992245,0.0122859427632066,0.0114157898722116));
#2592=CARTESIAN_POINT('',(-0.0251234852859497,0.0126400567520525,0.0114001487226747));
#2593=CARTESIAN_POINT('',(-0.0251316441272118,0.0129965377459976,0.0113845298708815));
#2594=CARTESIAN_POINT('',(-0.024708734125,0.013,0.0123125));
#2595=CARTESIAN_POINT('',(-0.0247113378361491,0.0131049743001413,0.0123072908589511));
#2596=CARTESIAN_POINT('',(-0.0247087818958599,0.0132102467820276,0.0123020793990988));
#2597=CARTESIAN_POINT('',(-0.0246701789474118,0.0137351401843295,0.0122760416544911));
#2598=CARTESIAN_POINT('',(-0.0245555442751321,0.0141510191748793,0.0122551901726356));
#2599=CARTESIAN_POINT('',(-0.0241732826811709,0.0149105246299441,0.0122135298167507));
#2600=CARTESIAN_POINT('',(-0.0239055999318779,0.0152541179864979,0.0121926784664343));
#2601=CARTESIAN_POINT('',(-0.0232554945415534,0.0158147553487648,0.0121510175408814));
#2602=CARTESIAN_POINT('',(-0.0228730364517439,0.0160317457891935,0.0121301674901792));
#2603=CARTESIAN_POINT('',(-0.022050056462644,0.0163033471114978,0.0120885068536099));
#2604=CARTESIAN_POINT('',(-0.0216095255078458,0.0163578937072268,0.0120676555086819));
#2605=CARTESIAN_POINT('',(-0.0207371067815978,0.0162931287714984,0.0120259952387862));
#2606=CARTESIAN_POINT('',(-0.0203052376117942,0.0161737537935175,0.0120051443728359));
#2607=CARTESIAN_POINT('',(-0.0195167731079156,0.0157762459175615,0.0119634841279714));
#2608=CARTESIAN_POINT('',(-0.019160221796233,0.0154980631849285,0.0119426334374185));
#2609=CARTESIAN_POINT('',(-0.0185786668067432,0.0148227882181283,0.0119009732153491));
#2610=CARTESIAN_POINT('',(-0.0183537248510154,0.0144256692807166,0.0118801226968677));
#2611=CARTESIAN_POINT('',(-0.0180724332576782,0.0135714298092612,0.0118384624960326));
#2612=CARTESIAN_POINT('',(-0.0180161517394068,0.0131143112842461,0.0118176121462214));
#2613=CARTESIAN_POINT('',(-0.0180839299566198,0.0122093043536878,0.0117759519648873));
#2614=CARTESIAN_POINT('',(-0.0182080514971551,0.0117614470350755,0.0117551017805623));
#2615=CARTESIAN_POINT('',(-0.0186208169514518,0.0109440295440703,0.0117134416170804));
#2616=CARTESIAN_POINT('',(-0.018909504526567,0.0105745245288358,0.0116925915949481));
#2617=CARTESIAN_POINT('',(-0.0196099573810514,0.00997206161256151,0.0116509314481279));
#2618=CARTESIAN_POINT('',(-0.0200217392801405,0.00973917305676803,0.0116300820434237));
#2619=CARTESIAN_POINT('',(-0.020907242310978,0.00944820306542851,0.0115884218777251));
#2620=CARTESIAN_POINT('',(-0.0213809490139009,0.00939019320837592,0.0115675716053782));
#2621=CARTESIAN_POINT('',(-0.0223185429771579,0.00946099643811922,0.0115259117691119));
#2622=CARTESIAN_POINT('',(-0.0227823866546541,0.00958987038223204,0.0115050620745386));
#2623=CARTESIAN_POINT('',(-0.0236287516062352,0.0100179037027448,0.0114634019686317));
#2624=CARTESIAN_POINT('',(-0.0240112065650987,0.0103171006556782,0.011442552565616));
#2625=CARTESIAN_POINT('',(-0.0246345685693511,0.0110427386192787,0.0114008924704646));
#2626=CARTESIAN_POINT('',(-0.0248753980228348,0.0114691864081756,0.0113800432152028));
#2627=CARTESIAN_POINT('',(-0.0251384560891421,0.0122713595217481,0.0113435906406893));
#2628=CARTESIAN_POINT('',(-0.0252005413639253,0.0126330367445155,0.0113279516535073));
#2629=CARTESIAN_POINT('',(-0.0252086449296491,0.0129970898932806,0.0113123319012264));
#2630=CARTESIAN_POINT('',(-0.0135,0.,-0.013));
#2631=CARTESIAN_POINT('',(-0.0135,0.,-0.013));
#2632=MECHANICAL_DESIGN_GEOMETRIC_PRESENTATION_REPRESENTATION('',(#397),
#2633);
#2633=(
GEOMETRIC_REPRESENTATION_CONTEXT(3)
GLOBAL_UNCERTAINTY_ASSIGNED_CONTEXT((#2634))
GLOBAL_UNIT_ASSIGNED_CONTEXT((#2637,#2636,#2635))
REPRESENTATION_CONTEXT('Part 1','TOP_LEVEL_ASSEMBLY_PART')
);
#2634=UNCERTAINTY_MEASURE_WITH_UNIT(LENGTH_MEASURE(2.E-5),#2637,
'DISTANCE_ACCURACY_VALUE','Maximum Tolerance applied to model');
#2635=(
NAMED_UNIT(*)
SI_UNIT($,.STERADIAN.)
SOLID_ANGLE_UNIT()
);
#2636=(
NAMED_UNIT(*)
PLANE_ANGLE_UNIT()
SI_UNIT($,.RADIAN.)
);
#2637=(
LENGTH_UNIT()
NAMED_UNIT(*)
SI_UNIT($,.METRE.)
);
#2638=PRODUCT_DEFINITION_SHAPE('','',#2639);
#2639=PRODUCT_DEFINITION('','',#2641,#2640);
#2640=PRODUCT_DEFINITION_CONTEXT('',#2647,'design');
#2641=PRODUCT_DEFINITION_FORMATION_WITH_SPECIFIED_SOURCE('','',#2643,
 .NOT_KNOWN.);
#2642=PRODUCT_RELATED_PRODUCT_CATEGORY('','',(#2643));
#2643=PRODUCT('Part 1','Part 1','Part 1',(#2645));
#2644=PRODUCT_CATEGORY('','');
#2645=PRODUCT_CONTEXT('',#2647,'mechanical');
#2646=APPLICATION_PROTOCOL_DEFINITION('international standard',
'ap242_managed_model_based_3d_engineering',2020,#2647);
#2647=APPLICATION_CONTEXT('managed model based 3d engineering');
ENDSEC;
END-ISO-10303-21;
